ID,Name,Address,Style,Price,Hours, Special food, Suitable, Space, Characteristic, Longitude, Latitude, City 
2,Ẩm Thực Sân Vườn Mái Lá - Nguyễn Công Trứ,"Số 375-377 Nguyễn Công Trứ, P. Cầu Ông Lãnh, Q. 1",,199.000 - 399.000,09h00 - 22h00,"Gà Đốt Ô Thum, Mẹt Là Lên Mâm, Lẩu Gà Lá Cóc Rừng…","Tụ họp, gặp mặt, họp nhóm, gia đình…","Hiện đại, ấm cúng","- Nhà hàng phục vụ thủy hải sản tươi sống.
- Các món gà được chế biến từ đặc sản gà ta Đắk Lắk. 
- Thực đơn nhà hàng Ẩm Thực Sân Vườn Mái Lá là sự kết hợp hài hòa của các món ăn mang đậm dấu ấn ba miền.",106.697905,10.765465,
5,BA GÁC - Nam Kỳ Khởi Nghĩa,"Số 61 Nam Kỳ Khởi Nghĩa, P. Bến Thành, Q. 1",,250.000 - 300.000,16h00 – 24h00,"Tôm Lửa Hồng; Ba Rọi Heo Sả Tắc; Giò heo xông khói; Dẻ sườn bò Mỹ sốt cay; Hàu Hạ Long Nướng Phô Mai; Combo Ba Gác; Bánh Đa Xào Bò; Lẩu Măng Chua Cá Tầm; Bò Mỹ Nướng Ống Tre; Gà Nướng Tây Bắc Lên Mâm,…","Đặt tiệc, gặp mặt, liên hoan, họp nhóm, gia đình,…","Không gian mở, thoáng","BA GÁC là nhà hàng nướng và bia Việt Nam đương đại với sự giao thoa giữa ẩm thực nướng đặc trưng, các hoạt động văn nghệ và không gian sân vườn rộng rãi tạo nên trải nghiệm độc đáo “đậm chất BA GÁC”.
Đến BA GÁC để gác ba điều:
- Gác âu lo
- Gác muộn phiền
- Gác vai nhau, vui sau giờ làm",106.700520,10.771893,
6,Basta Hiro - Pizza & Pasta - Vincom Đồng Khởi,"Tầng B3, B3 – 06, Vincom Đồng Khởi, 72 Lê Thánh Tôn, P. Bến Nghé, Q. 1",,200.000 - 400.000,10h30 – 21h30,"Fresh Cherabin Spaghetti, Salmon Steak, Ontama Bolognese Spaghetti, Pesto Seafood, Cheese Platter, Ceasar Salad…","Tụ họp, gặp mặt, họp nhóm, sinh nhật, gia đình...",Italia hiện đại,"Basta Hiro được sáng lập bởi Hiromi Yamada - đầu bếp nổi tiếng người Nhật với tài năng đặc biệt trong việc sáng tạo các món Ý. Là người đã viết ra hàng chục cuốn sách về món Ý, ông là một trong những đầu bếp huyền thoại góp phần mang lại sự kết hợp tinh tế giữa hai phong cách Ý - Nhật.",106.701822,10.778207,
7,Bếp Ốc Sài Gòn - Hai Bà Trưng,"Số 74/7E Hai Bà Trưng, P. Bến Nghé, Q.1",,150.000 - 250.000,11h00 - 23h00,"Ốc len xào dừa, Ốc mỡ xào bơ, Sò huyết sốt sa tế, Răng mực sốt trứng muối, Nghêu hấp xả, Mì gói xào ốc giác sa tế, Hàu sống mù tạt chanh, Cá hồi tái sốt mù tạt…","Khách văn phòng, gặp mặt bạn bè, gia đình, sinh nhật","Hiện đại, trẻ trung","Chuyên các món ốc, hải sản và món nhậu.",106.703633,10.778311,
8,Bò 5S - Đinh Tiên Hoàng,"8A Đinh Tiên Hoàng, P. Đa Kao, Q. 1",,150.000 - 250.000,16h00 - 23h00,"Gỏi bưởi mực 1 nắng, Chả ram Làng Việt, Gù bò nướng ống tre, Gà quay nấm tam sắc, Tôm càng xốt cà ri, Lẩu sụn & gân bò Làng Việt, Chè khúc bạch…","Tụ họp, liên hoan, sinh nhật, gia đình, bạn bè…",Biệt thự cổ kết hợp hiện đại,"- Viet Village là nhà hàng chuyên các món Việt từ 3 miền, phù hợp dùng bữa thân tình với bạn bè, đồng nghiệp và đối tác.",106.700358,10.787858,
9,Bonjour Resto’ – Hai Bà Trưng,"Số 193/1 Hai Bà Trưng, P.6, Q.3,",,200.000 - 250.000,09h00 - 22h00,"Bánh tôm Hồ Tây, Chả cốm, Bánh đa cua Hải Phòng, Mì Quảng, Cao lầu Hội An, Bún chả cá Nha Trang, Bánh xèo, Bánh khọt, Gỏi củ hũ dừa, Rau muống xào chao ớt, Bánh canh giò heo Trảng Bàng, Bún mắm Châu Đốc...","Đặt tiệc, liên hoan, tiếp khách, sinh nhật, bạn bè, gia đình...",Kiến trúc nhà rường xưa ở Huế,Thực đơn phong phú hơn 300 món ăn 3 miền đặc trưng.,106.693935,10.786029,
10,Buffet Chay Cỏ Nội - Khách Sạn Bông Sen,"Lầu 7, Khách sạn Bông Sen, 117-123 Đồng Khởi, P. Bến Nghé, Q. 1",,250.000 - 350.000,10h00 - 16h00 ,"- Sang trọng, thuần Việt
- Sức chứa: 100 khách
- Phòng riêng: 01 phòng (10-20 khách/phòng)
- Có ban công sân vườn tầng 7 ngắm nhìn con đường Đồng Khởi, Đông Du từ trên cao.","Đặt tiệc, tiếp khách, gia đình, bạn bè, sinh nhật...","Sang trọng, thuần Việt",,106.703745,10.775096,
11,Buffet Gánh - Khách Sạn Bông Sen,"Tầng trệt, 117 - 123 Đồng Khởi, P.Bến Nghé, Q.1",,300.000 - 500.000,11h00 - 13h30 &18h00 - 21h00 ,"Hải sản, Món gỏi, Món bánh, Món nướng, Món lẩu…","Đặt tiệc, tiếp khách, sinh nhật, gia đình, bạn bè…",Phong cách dân gian Việt Nam,"Buffet Gánh sở hữu thực đơn trên 50 món đặc sản 3 miền. Đồ ăn được sắp xếp và trưng bày trên những gánh hàng, mang đậm hồn quê Việt Nam, vừa giản dị, gần gũi nhưng cũng vô cùng đẹp mắt và hấp dẫn.",106.703692,10.775394,
12,Chưa hỗ trợ đặt bàn qua PasGo,"371A Nguyễn Trãi, P. Nguyễn Cư Trinh, Q. 1",,198.000 - 435.000 vn,"10h:30 - 13h:30, 17h:30 - 20h:30","Wagyu Striploin 5 nướng, Pate Gan Ngỗng Pháp cùng nấm Truffle, Cá tuyết nướng Miso, Mì ý Tôm sốt cay, Cá hồi tẩm củ dền, Sò điệp áp chảo sốt Teriyaki, Bánh phô mai kem Ý,…","Khách hàng doanh nhân, công ty, gia đình, cặp đôi…","Phong cách điện ảnh châu Âu, sang trọng","- The Dome là nhà hàng Âu mang phong cách cinematic (phong cách điện ảnh) đầu tiên tại Sài Gòn.
- Trải nghiệm ẩm thực đỉnh cao cùng bò Wagyu Úc thượng hạng, thực đơn món Âu độc đáo với các nguyên liệu nhập khẩu trực tiếp từ Ý, Pháp, Na Uy,... trong không gian tráng lệ như các tác phẩm điện ảnh kinh điển.",106.685399,10.760303,
13,Buffet Liberty - Tôn Đức Thắng,"17 Tôn Đức Thắng, P. Bến Nghé, Q. 1",,299.000 - 599.000 vn,"10h:30 - 13h:30, 17h:30 - 20h:30","Sashimi, Sushi, Tempura, Món nướng Yaki kiểu Nhật, Mì Udon…","Tiếp khách, tiệc công tu, gia đình, họp nhóm, sinh nhật…",Phong cách Nhật Bản,"- Vị trí đắc địa trung tâm quận 1, không gian Nhật Bản ấm cúng, có máy lạnh.
- Món ăn mang hương vị chuẩn Nhật, giá thành hợp lý.",106.706492,10.774070,
14,Chạn Bếp - Cách Mạng Tháng 8,"31 Cách Mạng Tháng 8 ,P. Bến Thành, Q. 1",,100.000 - 150.000,07h00-22h00,"Bún cá ngừ, Bánh canh giò, Cơm gà Phan Rang, Chả cá cuốn bánh tráng đặc biệt, Bánh hỏi lòng heo, Khô cá dứa cơm cháy, Bạch tuộc nhúng ớt hiểm, Lẩu mắm, Lẩu gà lá é...","Tụ họp, gặp mặt, liên hoan, họp nhóm, gia đình,…...",Phong cách Việt hoài cổ,"Chạn Bếp gợi nhớ đến những bữa cơm nhà thân thương, nơi mang đến cho thực khách những món ăn ngon, sạch và đặc trưng của Phan Rang & vùng Nam Trung Bộ.",106.692622,10.771684,
15,Chang - Nguyễn Đức Cảnh,"Số SB8-1, Mỹ Khánh 2, Nguyễn Đức Cảnh, Q. 7",,100.000 - 150.000,11h00 - 21h00,"- Bò satsuma A5+ (dùng kèm bánh chanh vàng, cà chua, khoai tây nấu chậm trong mỡ bò Kobe, cà rốt nhỏ)
- Đùi vịt nấu chậm (dùng kèm khoai tây xào tỏi, húng quế, xà lách rocket, sốt mù tạt vàng)
- Cà chua lớn phô mai mozzarella (bánh tart nghìn lớp nhân cà chua, phô mai Mozzarella nhà làm, sốt quế, giấm balsamic, xà lách rocket)
- Súp vàng hải sản kiểu Pháp (Nhụy hoa nghệ tây, cá mú , sò điệp, mực, sốt Aioli)
- Mỳ Ý đen nhà làm (dùng kèm sò điệp, tôm sú biển, vẹm, sốt tôm)
- Súp phở bào ngư gan ngỗng
- Salad trái cây – kem trà xanh bạc hà – bánh quy
- Lưỡi bò","Tất cả khách hàng, gia đình, bạn bè, tiếp khách, sinh nhật...","Phong cách Âu, sang trọng, ấm áp","- Nhà hàng Kobe Bistro do đầu bếp nổi tiếng David Thai làm đầu bếp trưởng. Ông là một chuyên gia về ẩm thực Pháp đương đại. Phong cách đặc trưng của ông là sự pha trộn 2 nền ẩm thực Đông và Tây.
- Món ăn mang hương vị khác biệt và không gian sang trọng, ấm áp đặc trưng tại Kobe Bistro sẽ là một lựa chọn hoàn hảo, ghi dấu ấn khó phai cho bữa tiệc của bạn.",106.708501,10.727848,
16,Cháo Sườn Chú Chen - Nguyễn Trãi,"281 - 283 Nguyễn Trãi, P. Nguyễn Cư Trinh, Q. 1",,100.000 - 150.000,07h00 – 03h00 sáng hôm sau,Nạc vai ngoại bò Mỹ; Sườn bò Mỹ rút xương; Thịt thăn chuột bò Mỹ; Sườn cừu nướng ăn kèm khoai tây nghiền & sốt nho; Cá hồi nướng với sốt bơ chanh và khoai tây nghiền; Gà nướng ăn kèm sốt xả và khoai tây nghiền;…,"Tiếp khách, tụ họp, gặp mặt, gia đình...","Sang trọng, hiện đại","Nguồn thịt bò nhập khẩu trực tiếp từ các thương hiệu uy tín hàng đầu như Tyson và Omaha (Mỹ), Mulwarra (Úc), Hitachi (Nhật)...",106.686929,10.762892,
17,Nhà hàng Chay Phạm Nghiêm Trai Bongensai - Nguyễn Trãi,"199 Nguyễn Trãi, P. Nguyễn Cư trinh, Q.1",,130.000 - 350.000,9h00 - 22h00,"Lẩu riêu cá chép, Xôi 79, Sườn bò 79, Gỏi sò huyết ốc tương, Bào ngư sốt nấm đông cô và dầu hào, Miến cua tay cầm, Set 79 Sashimi, Lẩu Samurai 79…","Gặp gỡ đối tác, liên hoan, tiệc công ty, tụ họp bạn bè, gia đình, sinh nhật",Xe ô tô: Bãi xe tại nhà hàng (Phí phụ thuộc đơn vị trông giữ xe),"Với thương hiệu gần 12 năm gây dựng, Phố 79 mang tới những trải nghiệm ẩm thực cao cấp, đậm dấu ấn riêng cùng kiến trúc không gian sang trọng, góp phần tạo nên thành công cho mỗi bữa tiệc đẳng cấp của khách hàng.",106.688147,10.766158,
18,Chay Shanti Veggie - Lương Hữu Khánh,"8 Lương Hữu Khánh, P. Phạm Ngũ Lão, Q. 1",,150.000 - 250.000,9h00 - 21h00,"Lẩu riêu cá chép, Xôi 79, Sườn bò 79, Gỏi sò huyết ốc tương, Bào ngư sốt nấm đông cô và dầu hào, Miến cua tay cầm, Set 79 Sashimi, Lẩu Samurai 79…","Gặp gỡ đối tác, liên hoan, tiệc công ty, tụ họp bạn bè, gia đình, sinh nhật",Xe ô tô: Bãi xe tại nhà hàng (Phí phụ thuộc đơn vị trông giữ xe),"Với thương hiệu gần 12 năm gây dựng, Phố 79 mang tới những trải nghiệm ẩm thực cao cấp, đậm dấu ấn riêng cùng kiến trúc không gian sang trọng, góp phần tạo nên thành công cho mỗi bữa tiệc đẳng cấp của khách hàng.",106.686844,10.769539,
74,Nhà Hàng Rơm BBQ,"2 - 4 - 6 Lưu Văn Lang, Q. 1",,250.000 – 280.000 vn,"10h:30 - 13h:30, 17h:30 - 20h:30","Bánh tôm Hồ Tây, Chả cốm, Bánh đa cua Hải Phòng, Mì Quảng, Cao lầu Hội An, Bún chả cá Nha Trang, Bánh xèo, Bánh khọt, Gỏi củ hũ dừa, Rau muống xào chao ớt, Bánh canh giò heo Trảng Bàng, Bún mắm Châu Đốc...","Đặt tiệc, liên hoan, tiếp khách, sinh nhật, bạn bè, gia đình...",Kiến trúc nhà rường xưa ở Huế,Thực đơn phong phú hơn 300 món ăn 3 miền đặc trưng.,106.699365,10.773577,
19,Chị Hoa Vietnamese Cuisine - Hai Bà Trưng,"Số 97 Hai Bà Trưng, P. Bến Nghé, Q. 1",,150.000 - 200.000,11h00 – 22h00,Bánh mì Chị Hoa; Bánh mì hấp thịt heo bằm và xà lách; Bò lúc lắc Chị Hoa; Bún heo nướng chả giò; Cua lột chiên giòn sốt chanh dây; Lẩu cá lăng; Phở gà; Các loại chè ngọt...,"Gia đình, bạn bè, họp nhóm...","Hiện đại, phong cách đơn giản","Chị Hoa Vietnamese Cuisine là một không gian bếp mở giản dị, gần gũi với mọi thực khách, là nơi mang tới những bữa cơm gia đình thân thương, ấm cúng vốn rất khó tìm kiếm trong cuộc sống thời hiện đại.",106.704082,10.777209,
20,Cơm Tấm Thuận Kiều - Thuận Kiều,"54 Thuận Kiều, P. 4, Q. 11",,40.000 - 80.000,06h00 - 21h00,"- Bò satsuma A5+ (dùng kèm bánh chanh vàng, cà chua, khoai tây nấu chậm trong mỡ bò Kobe, cà rốt nhỏ)
- Đùi vịt nấu chậm (dùng kèm khoai tây xào tỏi, húng quế, xà lách rocket, sốt mù tạt vàng)
- Cà chua lớn phô mai mozzarella (bánh tart nghìn lớp nhân cà chua, phô mai Mozzarella nhà làm, sốt quế, giấm balsamic, xà lách rocket)
- Súp vàng hải sản kiểu Pháp (Nhụy hoa nghệ tây, cá mú , sò điệp, mực, sốt Aioli)
- Mỳ Ý đen nhà làm (dùng kèm sò điệp, tôm sú biển, vẹm, sốt tôm)
- Súp phở bào ngư gan ngỗng
- Salad trái cây – kem trà xanh bạc hà – bánh quy
- Lưỡi bò","Tất cả khách hàng, gia đình, bạn bè, tiếp khách, sinh nhật...","Phong cách Âu, sang trọng, ấm áp","- Nhà hàng Kobe Bistro do đầu bếp nổi tiếng David Thai làm đầu bếp trưởng. Ông là một chuyên gia về ẩm thực Pháp đương đại. Phong cách đặc trưng của ông là sự pha trộn 2 nền ẩm thực Đông và Tây.
- Món ăn mang hương vị khác biệt và không gian sang trọng, ấm áp đặc trưng tại Kobe Bistro sẽ là một lựa chọn hoàn hảo, ghi dấu ấn khó phai cho bữa tiệc của bạn.",106.658836,10.759151,
46,Lion City - Đông Du,"Số 41-47 Đông Du, P. Bến Nghé, Q. 1",,150.000 - 350.000,10h30 – 21h30,"Sashimi, Sushi, Tempura, Món nướng Yaki kiểu Nhật, Mì Udon…","Tiếp khách, tiệc công tu, gia đình, họp nhóm, sinh nhật…",Phong cách Nhật Bản,"- Vị trí đắc địa trung tâm quận 1, không gian Nhật Bản ấm cúng, có máy lạnh.
- Món ăn mang hương vị chuẩn Nhật, giá thành hợp lý.",106.704645,10.775776,
21,Cơm Tấm Thuận Kiều - Tôn Thất Tùng,"26 Tôn Thất Tùng, P. Bến Thành, Q. 1",,40.000 - 80.000,06h00 - 21h00,"Lẩu riêu cá chép, Xôi 79, Sườn bò 79, Gỏi sò huyết ốc tương, Bào ngư sốt nấm đông cô và dầu hào, Miến cua tay cầm, Set 79 Sashimi, Lẩu Samurai 79…","Gặp gỡ đối tác, liên hoan, tiệc công ty, tụ họp bạn bè, gia đình, sinh nhật",Xe ô tô: Bãi xe tại nhà hàng (Phí phụ thuộc đơn vị trông giữ xe),"Với thương hiệu gần 12 năm gây dựng, Phố 79 mang tới những trải nghiệm ẩm thực cao cấp, đậm dấu ấn riêng cùng kiến trúc không gian sang trọng, góp phần tạo nên thành công cho mỗi bữa tiệc đẳng cấp của khách hàng.",106.689293,10.769822,
22,Cuốn Saigon - Nguyễn Thị Minh Khai,"137/1 NguyễnThị Minh Khai, P. BếnThành, Q. 1",,80.000 – 200.000,10h00  – 21h30,"Thịt heo hai đầu da cuốn, Bún mắm nêm, Bánh bèo chén, Bánh đúc nóng...","Gia đình, bạn bè, họp nhóm...",Phong cách tối giản - bán cổ điển,"Điểm đặc trưng: Quán Cuốn Saigon chuyên món cuốn, đặc biệt là các món cuốn mang hương vị miền Trung.",106.687798,10.771471,
23,D’Maris - An Phú,"Tầng 6, Tòa nhà Cantavil Premier, Số 1 Song Hành, Xa Lộ Hà Nội, P. An Phú, Q. 2",,440.000 - 590.000,T2 – T6: 11h30 – 22h00 và  T7 – CN:  11h00 – 22h00,"Steak, Hải sản, Sushi, Bakery…","Đặt tiệc, liên hoan, gia đình, bạn bè, sinh nhật…","Phong cách Âu, sang trọng","- Thương hiệu buffet quốc tế cao cấp D’Maris ra đời năm 2007 tại Hàn Quốc. Có mặt lần đầu tại TPHCM năm 2016 & Hà Nội năm 2018.
- Mỗi chi nhánh đều sở hữu quy mô hơn 3000 m2 cùng hơn 200 món ăn vô cùng đa dạng đến từ khắp nơi trên thế giới.",106.746953,10.801467,
24,Dê Hương Sơn Quán,"81/1 Đường 12, P. Bình An, Q. 2",,150.000 – 250.000,"10h:30 - 13h:30, 17h:30 - 20h:30",- Không gian truyền thống đầy màu sắc đậm chất làng chài cổ Nhật Bản,KHÔNG GIAN:,,,106.731369,10.789007,
25,DOIDEP Không Thể Thiếu Nhau - Nguyễn Du,"Số 104 Nguyễn Du, P. Bến Nghé, Q. 1",,100.000 –200.000,07h00 – 22h00,"Trà Oloong, Cà phê Syphon (Sử dụng cà phê chồn để pha), Cà phê đặc biệt DoiDep, Sinh tố D&D; Phở Đông Trùng Hạ Thảo, Bún bò Huế O Rớt, Bánh mì bò kho, Bánh ướt thịt nướng...","Gặp gỡ, trao đổi (giới doanh nhân, văn phòng, bạn bè, gia đình), offline hội nhóm...","Sang trọng, yên tĩnh kết hợp không gian xanh thư giãn","- DOIDEP - Không Thể Thiếu Nhau là mô hình quán trà - cafe kết hợp phục vụ các món điểm tâm nhẹ nhàng.
- Với nền tảng vững mạnh về trà và café tại Lâm Đồng, và bây giờ, DOIDEP tiếp tục chia sẻ cuộc hành trình của mình đến với quý khách yêu trà, café tại Sài Gòn thông qua cơ sở tại 104 Nguyễn Du, quận 1.",106.697980,10.776947,
26,Dynasty House - Hongkong Dimsum & Hotpot - Đồng Khởi,"Số 2-4-6 Đồng Khởi, P. Bến Nghé, Q. 1",,200.000 - 500.000,T2 - T6: 10h30 - 14hh30 & 17h00 - 22h00 và T7 – CN: 09h30 – 14h30 & 17h00 - 22h00,"Lẩu xí quách thượng hạng, Lẩu sụn vi cá, Lẩu Satay, Lẩu Mala, Sủi cảo vi cá hầm thượng canh, Hoành thánh sốt cay kiểu Tứ Xuyên, Bào ngư Hải sâm hầm sốt đặc biệt, Canh sụn Cá mập, Bóng cá hầm vi cá trung…","Khách hàng doanh nhân, gia đình, công ty, cặp đôi…","Phong cách Hong Kong, sang trọng","Kế thừa những tinh hoa ẩm thực xứ Hương Cảng, Dynasty House mang đến thực đơn mang hương vị biến tấu độc đáo, cùng lối kiến trúc Hong Kong truyền thống giao thoa hiện đại đầy khác biệt giữa lòng Sài Gòn.",106.705788,10.773702,
52,Moo Beef Steak - Lý Tự Trọng,"Số 109 Lý Tự Trọng, P. Bến Thành, Q. 1",,350.000 - 500.000,10h00 - 14h00 & 17h00 - 22h00,Nạc vai ngoại bò Mỹ; Sườn bò Mỹ rút xương; Thịt thăn chuột bò Mỹ; Sườn cừu nướng ăn kèm khoai tây nghiền & sốt nho; Cá hồi nướng với sốt bơ chanh và khoai tây nghiền; Gà nướng ăn kèm sốt xả và khoai tây nghiền;…,"Tiếp khách, tụ họp, gặp mặt, gia đình...","Sang trọng, hiện đại","Nguồn thịt bò nhập khẩu trực tiếp từ các thương hiệu uy tín hàng đầu như Tyson và Omaha (Mỹ), Mulwarra (Úc), Hitachi (Nhật)...",106.697562,10.774179,
27,FIREWORKS Raw - Grill & Craft Bar - Nam Kỳ Khởi Nghĩa,"Số 61 Nam Kỳ Khởi Nghĩa, P. Bến Thành, Q.1",,300.000 - 600.000,16h00 - 01h00,"Tôm Lửa Hồng; Ba Rọi Heo Sả Tắc; Giò heo xông khói; Dẻ sườn bò Mỹ sốt cay; Hàu Hạ Long Nướng Phô Mai; Combo Ba Gác; Bánh Đa Xào Bò; Lẩu Măng Chua Cá Tầm; Bò Mỹ Nướng Ống Tre; Gà Nướng Tây Bắc Lên Mâm,…","Đặt tiệc, gặp mặt, liên hoan, họp nhóm, gia đình,…","Không gian mở, thoáng","BA GÁC là nhà hàng nướng và bia Việt Nam đương đại với sự giao thoa giữa ẩm thực nướng đặc trưng, các hoạt động văn nghệ và không gian sân vườn rộng rãi tạo nên trải nghiệm độc đáo “đậm chất BA GÁC”.
Đến BA GÁC để gác ba điều:
- Gác âu lo
- Gác muộn phiền
- Gác vai nhau, vui sau giờ làm",106.700513,10.771845,
28,Firkin Bar - Mạc Thị Bưởi,"Số 20 Mạc Thị Bưởi, P. Bến Nghé, Q. 1",,200.000 – 400.000,16h00 - 24h00,"Các loại rượu Whisk(e)y từ khắp thế giới, cocktails sáng tạo, cigars, các món snack nhẹ như Các loại phô mai; Các loại thịt nguội xông khói; Da heo chiên giòn dùng kèm sốt chili mayo; Trứng hồng đào bọc thịt heo, nấm Truffle đen…","Tụ họp bạn bè, cặp đôi, liên hoan, sinh nhật,…",Hiện đại,"- Firkin Bar với phong cách lịch lãm và hiện đại mang đến danh sách đồ uống ấn tượng được tạo nên bởi các bartender chuyên nghiệp, đặc biệt là các loại Whisk(e)y; kết hợp cùng những món Âu nhẹ nhàng, tinh tế sẽ là những gợi ý hoàn hảo không thể bỏ qua.",106.705121,10.775846,
91,Shamoji Robata Yaki – Đồng Khởi,"Số 08 Đồng Khởi, P. Bến Nghé, Q. 1",,500.000 - 700.000,10h30 - 14h00 & 17h00 - 23h59,- Không gian truyền thống đầy màu sắc đậm chất làng chài cổ Nhật Bản,KHÔNG GIAN:,,,106.705094,10.774264,
29,Ghiền Quán - Hoàng Sa,"209 Hoàng Sa, P. Tân Định, Q. 1",,200.000 - 300.000,15h00 - 02h00,"Gỏi bò quán Ghiền, Gỏi ếch rau rừng,Đậu hủ trứng chà bông bắc thảo,Pate Nhum Ghiền,Sườn cây BBQ,Trâu gác bếp, Sườn bò hầm ớt kiểu Thái, Combo Hải Sản sống sốt Thái,...","KH văn phòng, bạn bè, cặp đôi,...",Không gian rộng rãi,"- Tổ chức tiệc decor miễn phí, không gian lầu chứa được >50ng
- Món ăn độc đáo với cách chế biến riêng của đầu bếp
- Nguyên liệu tươi ngon
- Giá cả hợp lý cho khu vực trung tâm Q.1, Q.3
- Nhà hàng có band nhạc Acoutics vào thứ 3 và thứ 6",106.690074,10.795232,
30,Gyu-Kaku – Aeon Mall Tân Phú,"RF26 tầng 1 Aeon Mall Celadon Tân Phú, 30 Bờ Bao Tân Thắng, P. Sơn Kỳ, Q. Tân Phú",,200.000 - 350.000,10h30 -  21h00,Bò Wagyu nướng; Ba chỉ bò Mỹ; Sườn bò có xương; Tôm; Mực; Bạch tuộc; Sườn bò đế vương tuyệt hảo; Lẩu chua cay; Lẩu Trường Xuân; Lẩu kim chi; Lẩu Sukiyaki…,"Sinh nhật, họp mặt, bạn bè, gia đình, liên hoan…",Nhật Bản hiện đại,"Gyu-Kaku được thành lập bởi tập đoàn COLOWIDE, hiện là một trong những thương hiệu nhà hàng BBQ lớn nhất với hơn 700 nhà hàng tại Nhật Bản cùng hơn 2000 nhà hàng trải khắp 14 quốc gia khác nhau trên thế giới.",106.617116,10.801336,
31,Gyu-Kaku - Lê Thánh Tôn,"Số 15/7 Lê Thánh Tôn, P. Bến Nghé, Q.1, Tp.HCM",,250.000 - 600.000,"T2 - T6: 11h00 - 13h00 & 17h00 - 21h00 & T7, CN: 11h00 - 21h00","Bò Wagyu, Sườn bò Gyu-Kaku, Sườn bò Mỹ Rồng, Diềm thăn bò Mỹ Đế Vương, Hải sản, Lẩu Gyu-Kaku…","Liên hoan, họp mặt, gia đình, bạn bè, sinh nhật…",Nhật Bản hiện đại,"Gyu-Kaku được thành lập bởi tập đoàn COLOWIDE, hiện là một trong những thương hiệu nhà hàng BBQ lớn nhất với hơn 700 nhà hàng tại Nhật Bản cùng hơn 2000 nhà hàng trải khắp 14 quốc gia khác nhau trên thế giới.",106.705843,10.781644,
32,Gyu Shige Ngưu Phồn - Đông Du,"Số 48-50 Đông Du, phường Bến Nghé, Quận 1",,200.000 - 300.000,10h30 – 21h30,"Sụn gà hoàng kim, Cơm chiên kiểu King, Ức vịt sốt chua ngọt, Tôm chiên hoàng bào, Miến xào thịt cua tôm...","Họp mặt, sinh nhật, liên hoan,...","Phong cách hoàng gia, sang trọng","- Đa dạng ngôn ngữ và phong phú về số lượng bài hát
- Hệ thống âm thanh đạt chuẩn quốc tế",106.704751,10.776435,
33,Gyu Shige Ngưu Phồn - Trần Hưng Đạo,"6A Trần Hưng Đạo, P. Phạm Ngũ Lão, Quận 1",,200.000 - 300.000,11h00 - 22h00,"Dẻ sườn bò bản lớn, Sườn bò không xương, Sườn heo bản lớn sốt Yuzu, Tôm càng sốt trứng cá tuyết, Thăn heo Iberico cao cấp, Lưỡi bò cao cấp, Lưỡi bò hoa sốt Yuzu, Sò điệp Hokkaido nướng giấy bạc…","Đặt tiệc, tiếp khách, gia đình, bạn bè, sinh nhật...",Nhật Bản. Hiện đại,"Chuỗi nhà hàng nướng Ngưu Phồn - Gyu Shige với hơn 150 chi nhánh đến từ Nhật Bản - Là nhà hàng nướng thuần Nhật, các nguyên liệu tại Gyu Shige được nhập khẩu từ chính đất nước này.",106.696211,10.769361,
34,Happy Lamb Hotpot Restaurant - Trần Hưng Đạo,"Số 329 đường Trần Hưng Đạo, P. Cô Giang, Q. 1",,500.000 - 600.000,11h00 - 02h00 sáng hôm sau ,"Lẩu 2 ngăn, chả cừu ngò rí viên, thịt xiên nướng Mông Cổ, đùi cừu nướng Mông Cổ, cừu nướng nguyên con, bánh hoàng kim, sủi cảo thịt cừu, set mì tươi...","Tất cả các loại tiệc, khách hàng văn phòng, gia đình...","Hiện đại, sang trọng ","- Happy Lamb Hotpot Restaurant là thương hiệu ẩm thực nổi tiếng đến từ Mông Cổ với hơn 100 chi nhánh tại các quốc gia: Trung Quốc, Campuchia, Mỹ... Nhà hàng Happy Lamb Hotpot Restaurant Trần Hưng Đạo là chi nhánh đầu tiên có mặt ở Việt Nam. 
- Nhà hàng chuyên phục vụ gọi món Lẩu Trung Hoa và các món ăn từ thịt cừu độc đáo theo phong cách Mông Cổ.",106.690252,10.761841,
36,Hội An Garden – Trần Quốc Toản,"Số 72/1, đường Trần Quốc Toản, Phường 08, Quận 3",,250.000 – 350.000,10h00 – 22h00,- Không gian truyền thống đầy màu sắc đậm chất làng chài cổ Nhật Bản,KHÔNG GIAN:,,,106.687719,10.787545,
53,Mr Beer - Bùi Thị Xuân,"Số 56 - 58 Bùi Thị Xuân, P. Bến Thành, Q. 1",,200.000 - 500.000,10h30 – 23h00,"Steak (Bò Mỹ thượng hạng, Bò Wagyu Úc, Bò New Zealand, Bò Nhật), Vẹm New Zealand đút lò, Sườn heo nguyên bẹ sốt Thái, Vây cá hồi cháy tỏi…","Hội họp, gặp gỡ, giao lưu, tiếp khách…","Không gian mở, hiện đại",- Nguyên liệu bò nhập khẩu cao cấp.,106.689804,10.771381,
35,Nhà Hàng Hoa Lư,"2 Bis Đinh Tiên Hoàng, P. Đa Kao, Q. 1",,150.000 - 500.000 vn,"10h:30 - 13h:30, 17h:30 - 20h:30","Wagyu Striploin 5 nướng, Pate Gan Ngỗng Pháp cùng nấm Truffle, Cá tuyết nướng Miso, Mì ý Tôm sốt cay, Cá hồi tẩm củ dền, Sò điệp áp chảo sốt Teriyaki, Bánh phô mai kem Ý,…","Khách hàng doanh nhân, công ty, gia đình, cặp đôi…","Phong cách điện ảnh châu Âu, sang trọng","- The Dome là nhà hàng Âu mang phong cách cinematic (phong cách điện ảnh) đầu tiên tại Sài Gòn.
- Trải nghiệm ẩm thực đỉnh cao cùng bò Wagyu Úc thượng hạng, thực đơn món Âu độc đáo với các nguyên liệu nhập khẩu trực tiếp từ Ý, Pháp, Na Uy,... trong không gian tráng lệ như các tác phẩm điện ảnh kinh điển.",106.700823,10.787350,
37,Hue Delights - Takashimaya,"B2-15, Takashimaya, 92-94 Nam Kỳ Khởi Nghĩa, P. Bến Nghé, Q. 1",,120.000đ - 200.000,09h30 – 21h30,"Các loại bánh Huế: Bánh bèo, bánh nậm, bánh lọc, bánh cuốn thịt nướng…; Cơm sen chay, Cơm sen bò, Cơm đùi gà rô ti, Cơm chiên cá mặn…; Bún bò, Bún thịt nướng, Nem lụi; Các món gỏi; Lẩu bò, Lẩu hải sản; Các loại chè Huế...","Gặp mặt, liên hoan, họp nhóm, gia đình,…..",Hiện đại,"Chuỗi nhà hàng Hue Delights chuyên phục vụ các món ăn Huế, được sáng lập bởi nghệ nhân ẩm thực Phan Tôn Tuệ Minh – người có xuất thân từ gia đình dòng dõi hoàng tộc và có nhiều người là nghệ nhân, chuyên gia ẩm thực hàng đầu Việt Nam.",106.700606,10.773135,
38,Kậu Ba Quán - Hoàng Sa,"Số 85 đường Hoàng Sa, P. Đa Kao, Q. 1",,150.000 - 250.000,9h00 - 24h00,"- Bò satsuma A5+ (dùng kèm bánh chanh vàng, cà chua, khoai tây nấu chậm trong mỡ bò Kobe, cà rốt nhỏ)
- Đùi vịt nấu chậm (dùng kèm khoai tây xào tỏi, húng quế, xà lách rocket, sốt mù tạt vàng)
- Cà chua lớn phô mai mozzarella (bánh tart nghìn lớp nhân cà chua, phô mai Mozzarella nhà làm, sốt quế, giấm balsamic, xà lách rocket)
- Súp vàng hải sản kiểu Pháp (Nhụy hoa nghệ tây, cá mú , sò điệp, mực, sốt Aioli)
- Mỳ Ý đen nhà làm (dùng kèm sò điệp, tôm sú biển, vẹm, sốt tôm)
- Súp phở bào ngư gan ngỗng
- Salad trái cây – kem trà xanh bạc hà – bánh quy
- Lưỡi bò","Tất cả khách hàng, gia đình, bạn bè, tiếp khách, sinh nhật...","Phong cách Âu, sang trọng, ấm áp","- Nhà hàng Kobe Bistro do đầu bếp nổi tiếng David Thai làm đầu bếp trưởng. Ông là một chuyên gia về ẩm thực Pháp đương đại. Phong cách đặc trưng của ông là sự pha trộn 2 nền ẩm thực Đông và Tây.
- Món ăn mang hương vị khác biệt và không gian sang trọng, ấm áp đặc trưng tại Kobe Bistro sẽ là một lựa chọn hoàn hảo, ghi dấu ấn khó phai cho bữa tiệc của bạn.",106.701845,10.792545,
39,Kiba - Food Wine Taste - Phó Đức Chính,"Số 31 Phó Đức Chính, P. Nguyễn Thái Bình, Q. 1",,180.000 - 400.000,11h00 – 24h00,"Tôm xông khói, Bánh cá kiểu Mexico, Vịt chiên kiểu Pháp, Dải thăn sườn bò nướng kiểu Nhật, Heo Ibeica, Bò hầm kiểu Indonesia, Cà rốt kiểu Ấn Độ...","Liên hoan, sinh nhật, tiếp khách, gia đình, bạn bè...","Hiện đại, sang trọng","- Với kinh nghiệm ẩm thực khắp thế giới, đội ngũ quốc tế tại Kiba đã đúc kết những tinh túy ở từng đất nước để sáng tạo nên những hương vị tuyệt vời giới thiệu đến thực khách Sài Gòn.
- Kiba còn tự tạo ra một vườn rau thủy canh riêng tại chính nhà hàng, để cung cấp nguồn rau sạch cho các món ăn của mình.",106.700796,10.767733,
40,Kiki Hotpot - Lẩu 1 người Đường 3/2,"420 Đường 3/2, P. 12, Q. 10",,178.000 - 350.000,11h00 – 22h00,"Lẩu ba rọi bò Mỹ, Lẩu ba rọi heo, Lẩu nạc dăm heo, Lẩu thịt đùi gà, Lẩu thăn bò cẩm thạch Úc, Lẩu bắp hoa bò Mỹ, Lẩu sườn bò không xương Mỹ, Lẩu đầu cá hồi…","Khách văn phòng, gia đình, bạn bè",Hiện đại,"- Kiki Hotpot phục vụ mỗi khách hàng 1 nồi lẩu, đảm bảo hương vị và ATVSTP.
- 8 vị lẩu châu Á đặc sắc cùng menu món nhúng tươi ngon, phong phú",106.669023,10.768942,
41,Kiki Hotpot - Lẩu 1 người - Vạn Hạnh Mall,"Lầu 6.17, TTTM Vạn Hạnh Mall, Số 11 Sư Vạn Hạnh, P. 13, Q. 10",,178.000 - 350.000,11h00 – 22h00,"Lẩu ba rọi bò Mỹ, Lẩu ba rọi heo, Lẩu nạc dăm heo, Lẩu thịt đùi gà, Lẩu thăn bò cẩm thạch Úc, Lẩu bắp hoa bò Mỹ, Lẩu sườn bò không xương Mỹ, Lẩu đầu cá hồi…","Khách văn phòng, gia đình, bạn bè",Hiện đại,"- Kiki Hotpot phục vụ mỗi khách hàng 1 nồi lẩu, đảm bảo hương vị và ATVSTP.
- 8 vị lẩu châu Á đặc sắc cùng menu món nhúng tươi ngon, phong phú",106.669490,10.770596,
42,King BBQ Buffet - Mạc Đĩnh Chi,"Số 38 Mạc Đĩnh Chi, P. Đa Kao, Q. 1",,250.000 - 300.000,10h30 – 20h30,"Hàu Nướng Misoyaki, Set Tàu Sashimi Titanic, Cuốn Hải Sản Chiên Xù Sốt Spicy, Cuốn Cá Hồi Phủ Cheese Đút Lò...","Gia đình, bạn bè, đồng nghiệp,...",Phong cách Nhật Bản,"Nhà hàng Sushi Masa chuyên ẩm thực Nhật Bản, hoạt động với tôn chỉ “Chất lượng, tươi ngon, hợp vệ sinh cùng những trải nghiệm dịch vụ tốt nhất có thể với giá cả phải chăng”.",106.697336,10.787051,
43,King Karaoke - Hai Bà Trưng,"Số 27-29-31-33 Hai Bà Trưng, P. Bến Nghé, Q.1",,300.000 – 500.000,11h30 – 24h00,"Sụn gà hoàng kim, Cơm chiên kiểu King, Ức vịt sốt chua ngọt, Tôm chiên hoàng bào, Miến xào thịt cua tôm...","Họp mặt, sinh nhật, liên hoan,...","Phong cách hoàng gia, sang trọng","- Đa dạng ngôn ngữ và phong phú về số lượng bài hát
- Hệ thống âm thanh đạt chuẩn quốc tế",106.705344,10.776169,
44,Kobe Bistro By Chef David Thai - Tôn Đức Thắng,"23C Tôn Đức Thắng, P. Bến Nghé, Q. 1",,600.000 - 1.000.000,11h00 - 15h00 & 17h30 - 22h00,"- Bò satsuma A5+ (dùng kèm bánh chanh vàng, cà chua, khoai tây nấu chậm trong mỡ bò Kobe, cà rốt nhỏ)
- Đùi vịt nấu chậm (dùng kèm khoai tây xào tỏi, húng quế, xà lách rocket, sốt mù tạt vàng)
- Cà chua lớn phô mai mozzarella (bánh tart nghìn lớp nhân cà chua, phô mai Mozzarella nhà làm, sốt quế, giấm balsamic, xà lách rocket)
- Súp vàng hải sản kiểu Pháp (Nhụy hoa nghệ tây, cá mú , sò điệp, mực, sốt Aioli)
- Mỳ Ý đen nhà làm (dùng kèm sò điệp, tôm sú biển, vẹm, sốt tôm)
- Súp phở bào ngư gan ngỗng
- Salad trái cây – kem trà xanh bạc hà – bánh quy
- Lưỡi bò","Tất cả khách hàng, gia đình, bạn bè, tiếp khách, sinh nhật...","Phong cách Âu, sang trọng, ấm áp","- Nhà hàng Kobe Bistro do đầu bếp nổi tiếng David Thai làm đầu bếp trưởng. Ông là một chuyên gia về ẩm thực Pháp đương đại. Phong cách đặc trưng của ông là sự pha trộn 2 nền ẩm thực Đông và Tây.
- Món ăn mang hương vị khác biệt và không gian sang trọng, ấm áp đặc trưng tại Kobe Bistro sẽ là một lựa chọn hoàn hảo, ghi dấu ấn khó phai cho bữa tiệc của bạn.",106.705523,10.782575,
45,Lava Cuisine & Lounge - Hai Bà Trưng,"Số 74/3 Hai Bà Trưng, P. Bến Nghé, Q. 1",,250.000 - 500.000,07h00 – 02h00 sáng hôm sau,"Cá hồi trộn, Cá hồi bọc trứng lòng đào, Cá ngừ áp chảo sốt thơm, Gỏi đu đủ tôm nướng sốt me, Cơm chiên gan ngỗng, Thịt bò Wagyu dùng kèm đậu Hà Lan nghiền, Đùi vịt nấu chậm sốt tương cay, Các loại cocktails…","Tiếp khách, bạn bè, cặp đôi…",Phong cách thiết kế hang động,Không gian thiết kế ấn tượng theo phong cách hang động. Các loại cocktails và đồ ăn độc đáo.,106.703850,10.778101,
47,Matsuri Japanese Restaurant - Nguyễn Huệ,"Số 3,5,7 Nguyễn Huệ, P. Bến Nghé,Q. 1",,250.000 - 300.000,11h00 - 22h00,"- Thịt sườn bò Wagyu Australian, Thịt mông bò Wagyu Australian, Nạc vai bò Australian thượng hạng, Nạc vai bò Mỹ,...
- Nhúng lẩu: Nấm hải sản, Nấm bào ngư, Nấm sò, Nấm hương, Nấm kim châm","Tụ họp, gặp mặt, liên hoan, họp nhóm, gia đình....",Nhật Bản,On-Yasai nằm trong chuỗi nhà hàng nổi tiếng tại Nhật Bản thuộc sở hữu của tập đoàn Colowide - tập đoàn về kinh doanh nhà hàng có quy mô đứng đầu tại Nhật Bản,106.705882,10.771655,
48,Michi Sushi – Nguyễn Huệ,"Lầu 7, 42 Nguyễn Huệ , P. Bến Nghé, Q. 1",,150.000 – 300.000,11h00 - 13h30 và 16h00 - 21h00,"Các loại rượu Whisk(e)y từ khắp thế giới, cocktails sáng tạo, cigars, các món snack nhẹ như Các loại phô mai; Các loại thịt nguội xông khói; Da heo chiên giòn dùng kèm sốt chili mayo; Trứng hồng đào bọc thịt heo, nấm Truffle đen…","Tụ họp bạn bè, cặp đôi, liên hoan, sinh nhật,…",Hiện đại,"- Firkin Bar với phong cách lịch lãm và hiện đại mang đến danh sách đồ uống ấn tượng được tạo nên bởi các bartender chuyên nghiệp, đặc biệt là các loại Whisk(e)y; kết hợp cùng những món Âu nhẹ nhàng, tinh tế sẽ là những gợi ý hoàn hảo không thể bỏ qua.",106.705850,10.771740,
49,Miya Sushi & BBQ - Nguyễn Trãi,"150/26 Nguyễn Trãi, P. Bến Thành, Q. 1",,100.000 - 170.000,10h00 – 14h30 và 17h00 – 22h00,"Lẩu riêu cá chép, Xôi 79, Sườn bò 79, Gỏi sò huyết ốc tương, Bào ngư sốt nấm đông cô và dầu hào, Miến cua tay cầm, Set 79 Sashimi, Lẩu Samurai 79…","Gặp gỡ đối tác, liên hoan, tiệc công ty, tụ họp bạn bè, gia đình, sinh nhật",Xe ô tô: Bãi xe tại nhà hàng (Phí phụ thuộc đơn vị trông giữ xe),"Với thương hiệu gần 12 năm gây dựng, Phố 79 mang tới những trải nghiệm ẩm thực cao cấp, đậm dấu ấn riêng cùng kiến trúc không gian sang trọng, góp phần tạo nên thành công cho mỗi bữa tiệc đẳng cấp của khách hàng.",106.690137,10.770082,
50,Mộc – Riêu & Nướng - Võ Văn Kiệt,"Số 318 Võ Văn Kiệt, P. Cô Giang, Q. 1",,150.000 - 200.000,T2–T7: 11h00 - 21h30 & CN: 15h00 - 21h30,"Fresh Cherabin Spaghetti, Salmon Steak, Ontama Bolognese Spaghetti, Pesto Seafood, Cheese Platter, Ceasar Salad…","Tụ họp, gặp mặt, họp nhóm, sinh nhật, gia đình...",Italia hiện đại,"Basta Hiro được sáng lập bởi Hiromi Yamada - đầu bếp nổi tiếng người Nhật với tài năng đặc biệt trong việc sáng tạo các món Ý. Là người đã viết ra hàng chục cuốn sách về món Ý, ông là một trong những đầu bếp huyền thoại góp phần mang lại sự kết hợp tinh tế giữa hai phong cách Ý - Nhật.",106.695849,10.761311,
59,Pachi Pachi - Mạc Đĩnh Chi,"52 Mạc Đĩnh Chi, P. Đa Kao, Q. 1",,300.000 - 350.000,10h30 - 22h00,,"KH văn phòng, bạn bè, gia đình,...",Không gian mang đậm phong cách Nhật Bản,,106.696894,10.787443,
51,Món Ăn Ngon - Huyền Trân Công Chúa,"Số 01 Huyền Trân Công Chúa, P. Bến Thành, Q. 1",,150.000 - 200.000,06h00 – 21h00,"Há cảo HongKong, Cơm chiên tôm huỳnh hạt lầu, Vịt quay Bắc Kinh, Heo sữa quay, Sò điệp bách hoa chiên hạnh nhân lát, Hủ tiếu xào bò kiểu Quảng Đông, Đậu hủ hải sản tay cầm, Nhất phẩm phật khiêu tường…","Đặt tiệc, liên hoan, gia đình, bạn bè, sinh nhật…",Sang trọng,"Nhà hàng chuyên điểm tâm và các món ăn mang phong cách Trung Hoa đặc sắc. Với không gian ấm cúng và sang trọng thích hợp cho các buổi gặp gỡ, sinh nhật.",106.694125,10.776636,
64,East West Brewing Co. - Lý Tự Trọng,"181-183-185 Lý Tự Trọng, Phường Bến Thành, Quận 1",,200.000 - 500.000,T2 -T4 & CN: 12h00 - 24h00; T5 - T7: 12h00 – 01h00 sáng hôm sau,"Cháo ếch Singapore, Cua sốt ớt Singapore, Các món cari, Các món Sambal, Hải sản tươi sống…","Họp mặt bạn bè, liên hoan, đặt tiệc, gia đình, tiếp khách…",Phong cách kiến trúc Âu – Á,Giữ nguyên hương vị truyền thống Singapore và sự kết hợp hài hòa với các nền văn hóa ẩm thực đa dạng.,106.696191,10.772993,
54,Ngọc Sương Seafood & Bar - Nguyễn Siêu,"Số 08 Nguyễn Siêu, P. Bến Nghé, Q. 1",,250.000 - 500.000,11h00 - 21h30,"Gỏi cá Ngọc Sương, Tôm càng tái chanh sốt Tomyum, Sashimi hải sản – sốt nấm Truffle, Cơm giòn thịt cua, Cá chẽm nướng, Súp nghêu & vẹm, Mực một nắng nướng muối ớt...","Đặt tiệc, liên hoan, tiếp khách, tụ họp bạn bè, gia đình...","Hiện đại, sang trọng","- Là một thành viên của Tập Đoàn Ngọc Sương với chuỗi hải sản lâu đời với nhiều chi nhánh trên toàn quốc.
- Nguồn nguyên liệu hải sản từ các vùng biển nổi tiếng trong nước và vận chuyển về ngay trong ngày
- Nhạc sống phục vụ T3 hàng tuần từ 19h00 đến 21h00",106.705355,10.778958,
55,Barbecue Garden - Nam Kỳ Khởi Nghĩa,"135A Nam Kỳ Khởi Nghĩa, P. Bến Nghé, Q. 1",,220.000 – 300.000 vn,11h00 - 23h00,"Wagyu Striploin 5 nướng, Pate Gan Ngỗng Pháp cùng nấm Truffle, Cá tuyết nướng Miso, Mì ý Tôm sốt cay, Cá hồi tẩm củ dền, Sò điệp áp chảo sốt Teriyaki, Bánh phô mai kem Ý,…","Khách hàng doanh nhân, công ty, gia đình, cặp đôi…","Phong cách điện ảnh châu Âu, sang trọng","- The Dome là nhà hàng Âu mang phong cách cinematic (phong cách điện ảnh) đầu tiên tại Sài Gòn.
- Trải nghiệm ẩm thực đỉnh cao cùng bò Wagyu Úc thượng hạng, thực đơn món Âu độc đáo với các nguyên liệu nhập khẩu trực tiếp từ Ý, Pháp, Na Uy,... trong không gian tráng lệ như các tác phẩm điện ảnh kinh điển.",106.697816,10.776823,
56,Beirut Restaurant - Ngô Đức Kế,"21 Ngô Đức Kế, P. Bến Nghé, Q. 1",,400.000 - 500.000,11h30 - 14h30 & 16h00 - 24h00,"Sashimi, Sushi, Tempura, Món nướng Yaki kiểu Nhật, Mì Udon…","Tiếp khách, tiệc công tu, gia đình, họp nhóm, sinh nhật…",Phong cách Nhật Bản,"- Vị trí đắc địa trung tâm quận 1, không gian Nhật Bản ấm cúng, có máy lạnh.
- Món ăn mang hương vị chuẩn Nhật, giá thành hợp lý.",106.705963,10.773898,
57,Bò Lế Rồ - Trần Khánh Dư,"Số 5 Trần Khánh Dư, P. Tân Định, Q. 1",,120.000 – 200.000 vn,11h00 - 17h00,"Wagyu Striploin 5 nướng, Pate Gan Ngỗng Pháp cùng nấm Truffle, Cá tuyết nướng Miso, Mì ý Tôm sốt cay, Cá hồi tẩm củ dền, Sò điệp áp chảo sốt Teriyaki, Bánh phô mai kem Ý,…","Khách hàng doanh nhân, công ty, gia đình, cặp đôi…","Phong cách điện ảnh châu Âu, sang trọng","- The Dome là nhà hàng Âu mang phong cách cinematic (phong cách điện ảnh) đầu tiên tại Sài Gòn.
- Trải nghiệm ẩm thực đỉnh cao cùng bò Wagyu Úc thượng hạng, thực đơn món Âu độc đáo với các nguyên liệu nhập khẩu trực tiếp từ Ý, Pháp, Na Uy,... trong không gian tráng lệ như các tác phẩm điện ảnh kinh điển.",106.689174,10.793893,
58,Liberty Level 9 – Phạm Ngũ Lão,"Lầu 9, Số 265 Phạm Ngũ Lão, P. Phạm Ngũ Lão, Q. 1",,200.000 - 500.000,"Alacarte: T2 - T4 : 11h00 - 14h00, Buffet: T5-CN: 11h00 - 13h30","Lẩu riêu cá chép, Xôi 79, Sườn bò 79, Gỏi sò huyết ốc tương, Bào ngư sốt nấm đông cô và dầu hào, Miến cua tay cầm, Set 79 Sashimi, Lẩu Samurai 79…","Gặp gỡ đối tác, liên hoan, tiệc công ty, tụ họp bạn bè, gia đình, sinh nhật",Xe ô tô: Bãi xe tại nhà hàng (Phí phụ thuộc đơn vị trông giữ xe),"Với thương hiệu gần 12 năm gây dựng, Phố 79 mang tới những trải nghiệm ẩm thực cao cấp, đậm dấu ấn riêng cùng kiến trúc không gian sang trọng, góp phần tạo nên thành công cho mỗi bữa tiệc đẳng cấp của khách hàng.",106.692297,10.768132,
60,Nhà hàng Chen – Nguyễn Trãi,"152-154 Nguyễn Trãi, P. Bến Thành, Q. 1",,200.000 - 300.000,10h00 – 23h00,"Steak (Bò Mỹ thượng hạng, Bò Wagyu Úc, Bò New Zealand, Bò Nhật), Vẹm New Zealand đút lò, Sườn heo nguyên bẹ sốt Thái, Vây cá hồi cháy tỏi…","Hội họp, gặp gỡ, giao lưu, tiếp khách…","Không gian mở, hiện đại",- Nguyên liệu bò nhập khẩu cao cấp.,106.690362,10.769451,
61,Chill Thái - Cô Giang,"Số 163 Cô Giang, P. Cô Giang, Q. 1",,150.000 - 250.000,10h00 - 22h00,"Canh súp Tomyum nước trong sườn sụn, Cà ri xanh với thịt heo, Gỏi xoài xanh cá trê, Gỏi đu đủ tôm khô & ba khía, Tôm sú sốt Satay, Xí quách Tomyum, Cà ri đỏ hải sản, Pad thai, Lẩu Tomyum….","Tụ họp, liên hoan, sinh nhật, gia đình, bạn bè...","Hiện đại, trẻ trung","Chill Thái là một nhà hàng nhỏ rộn ràng, nơi bạn cảm nhận một nền văn hóa ẩm thực Thái Lan đầy cá tính.",106.693974,10.762105,
62,Con Voi Vàng - Hai Bà Trưng,"34 Hai Bà Trưng, P. Bến Nghé, Q. 1",,250.000 - 300.000,11h00 - 14h00 & 17h00 - 22h00,"Sashimi, Sushi, Tempura, Món nướng Yaki kiểu Nhật, Mì Udon…","Tiếp khách, tiệc công tu, gia đình, họp nhóm, sinh nhật…",Phong cách Nhật Bản,"- Vị trí đắc địa trung tâm quận 1, không gian Nhật Bản ấm cúng, có máy lạnh.
- Món ăn mang hương vị chuẩn Nhật, giá thành hợp lý.",106.704733,10.776988,
63,Dì Mai - Lê Thị Hồng Gấm,"136-138 Lê Thị Hồng Gấm, P. Nguyễn Thái Bình, Q. 1",,200.000 – 300.000,07h00 – 23h00,"Bánh tôm Hồ Tây, Chả cốm, Bánh đa cua Hải Phòng, Mì Quảng, Cao lầu Hội An, Bún chả cá Nha Trang, Bánh xèo, Bánh khọt, Gỏi củ hũ dừa, Rau muống xào chao ớt, Bánh canh giò heo Trảng Bàng, Bún mắm Châu Đốc...","Đặt tiệc, liên hoan, tiếp khách, sinh nhật, bạn bè, gia đình...",Kiến trúc nhà rường xưa ở Huế,Thực đơn phong phú hơn 300 món ăn 3 miền đặc trưng.,106.696310,10.767713,
65,Hoàng Tâm - Món ngon miền Tây – Vinhomes Central Park,"Park 1, Vinhomes Central Park, Số 208 Nguyễn Hữu Cảnh, P. 22, Q. Bình Thạnh",,100.000 – 150.000 vn,10h00 – 22h00,"Heo mọi luộc cuốn bánh tráng, Bò nướng lá lốt, Bò tơ nhúng dấm, Bánh xèo thịt vịt, Gỏi gà hoa chuối, Gỏi cuốn tôm thịt, Chả giò hải sản sầu riêng, Lẩu gấc cá hồi, Lẩu nấm Hoàng Tâm, Lẩu bao tử hầm tiêu","Đặt tiệc, liên hoan, tiếp khách, tụ họp bạn bè, gia đình,...",ện đại kết hợp truyền thống,"- Nhà hàng Hoàng Tâm chuyên gọi món Việt, đặc biệt là các món ăn ngon và đặc sắc của miền Tây.",106.717120,10.794950,
66,HUE Restaurant – Hai Bà Trưng,"Số 74/7 Hai Bà Trưng, P. Bến Nghé, Q. 1",,150.000 - 200.000,11h00 - 22h00,"Bún bò Huế, Vả trộn tôm thịt, Nem nướng, Chả giò chạo tôm, Bánh Khoái, Phở Sắn Quế Sơn với gà xào nghệ, Bánh canh HUE với tôm và chả cua, Bánh bèo tôm, Chả giò cuốn bánh tráng","Gia đình, bạn bè, liên hoan nhóm","Hiện đại, trẻ trung","- Nhà hàng HUE thuộc tập đoàn HTGroup – tập đoàn sở hữu nhiều thương hiệu ẩm thực khác như: Hoa Túc, TukTuk, Chị Hoa, ANH TUKK.
- Nguyên liệu tươi ngon sử dụng trong ngày. Màu sắc của món ăn được chiết xuất từ các loại lá, củ (lá cẩm, lá é, củ dền…) hoàn toàn từ thiên nhiên.",106.703647,10.778556,
67,Ichihana Sushi – Cao Thắng,"Số 69A Đường Cao Thắng, P. 3, Q. 3",,300.000 - 500.000,11h00 - 22h00,"Lẩu riêu cá chép, Xôi 79, Sườn bò 79, Gỏi sò huyết ốc tương, Bào ngư sốt nấm đông cô và dầu hào, Miến cua tay cầm, Set 79 Sashimi, Lẩu Samurai 79…","Gặp gỡ đối tác, liên hoan, tiệc công ty, tụ họp bạn bè, gia đình, sinh nhật",Xe ô tô: Bãi xe tại nhà hàng (Phí phụ thuộc đơn vị trông giữ xe),"Với thương hiệu gần 12 năm gây dựng, Phố 79 mang tới những trải nghiệm ẩm thực cao cấp, đậm dấu ấn riêng cùng kiến trúc không gian sang trọng, góp phần tạo nên thành công cho mỗi bữa tiệc đẳng cấp của khách hàng.",106.680464,10.771349,
68,Khè Zone - Đồng Nai,"Số 1 Đồng Nai, Phường 15, Quận 10",,150.000 - 250.000,11h00 - 24h00,"Sashimi, Sushi, Tempura, Món nướng Yaki kiểu Nhật, Mì Udon…","Tiếp khách, tiệc công tu, gia đình, họp nhóm, sinh nhật…",Phong cách Nhật Bản,"- Vị trí đắc địa trung tâm quận 1, không gian Nhật Bản ấm cúng, có máy lạnh.
- Món ăn mang hương vị chuẩn Nhật, giá thành hợp lý.",106.664420,10.777181,
69,Lion City - Lê Anh Xuân,"Số 42 Lê Anh Xuân, Q. 1",,150.000 - 350.000,10h30 – 21h30,"Cháo ếch Singapore, Cua sốt ớt Singapore, Các món cari, Các món Sambal, Hải sản tươi sống…","Họp mặt bạn bè, liên hoan, đặt tiệc, gia đình, tiếp khách…",Phong cách kiến trúc Âu – Á,Giữ nguyên hương vị truyền thống Singapore và sự kết hợp hài hòa với các nền văn hóa ẩm thực đa dạng.,106.695162,10.772276,
70,Mandarine - Ngô Văn Năm,"11A Ngô Văn Năm, P. Bến Nghé, Q. 1",,500.000 - 1.100.000,11h30 - 14h00 & 17h30 - 22h00,"Các loại rượu Whisk(e)y từ khắp thế giới, cocktails sáng tạo, cigars, các món snack nhẹ như Các loại phô mai; Các loại thịt nguội xông khói; Da heo chiên giòn dùng kèm sốt chili mayo; Trứng hồng đào bọc thịt heo, nấm Truffle đen…","Tụ họp bạn bè, cặp đôi, liên hoan, sinh nhật,…",Hiện đại,"- Firkin Bar với phong cách lịch lãm và hiện đại mang đến danh sách đồ uống ấn tượng được tạo nên bởi các bartender chuyên nghiệp, đặc biệt là các loại Whisk(e)y; kết hợp cùng những món Âu nhẹ nhàng, tinh tế sẽ là những gợi ý hoàn hảo không thể bỏ qua.",106.706126,10.781125,
71,Mountain Retreat - Lê Lợi,"36 Lê Lợi, P. Bến Thành, Q. 1",,80.000 - 150.000,10h00 – 22h00,"Bánh tôm Hồ Tây, Chả cốm, Bánh đa cua Hải Phòng, Mì Quảng, Cao lầu Hội An, Bún chả cá Nha Trang, Bánh xèo, Bánh khọt, Gỏi củ hũ dừa, Rau muống xào chao ớt, Bánh canh giò heo Trảng Bàng, Bún mắm Châu Đốc...","Đặt tiệc, liên hoan, tiếp khách, sinh nhật, bạn bè, gia đình...",Kiến trúc nhà rường xưa ở Huế,Thực đơn phong phú hơn 300 món ăn 3 miền đặc trưng.,106.700530,10.774242,
76,Nhà hàng Sepia – Thủ Đức,"1 Khổng Tử, P. Bình Thọ, Q. Thủ Đức",,200.000 - 300.000 vn,09h00 – 22h30,- Không gian truyền thống đầy màu sắc đậm chất làng chài cổ Nhật Bản,KHÔNG GIAN:,,,106.769239,10.843273,
72,Nhà hàng My Mother - Nguyễn Đình Chiểu,"Số 72 Nguyễn Đình Chiểu, P. Đakao, Q. 1",,150.000 – 250.000,07h00 – 24h00,"Tôm xông khói, Bánh cá kiểu Mexico, Vịt chiên kiểu Pháp, Dải thăn sườn bò nướng kiểu Nhật, Heo Ibeica, Bò hầm kiểu Indonesia, Cà rốt kiểu Ấn Độ...","Liên hoan, sinh nhật, tiếp khách, gia đình, bạn bè...","Hiện đại, sang trọng","- Với kinh nghiệm ẩm thực khắp thế giới, đội ngũ quốc tế tại Kiba đã đúc kết những tinh túy ở từng đất nước để sáng tạo nên những hương vị tuyệt vời giới thiệu đến thực khách Sài Gòn.
- Kiba còn tự tạo ra một vườn rau thủy canh riêng tại chính nhà hàng, để cung cấp nguồn rau sạch cho các món ăn của mình.",106.699343,10.788303,
73,Nhà hàng Nướng No.1 - Thành Thái,"158 Thành Thái, P. 12, Q. 10",,150.000 - 220.000,11h00 - 14h00 & 18h00 - 22h00,"Wagyu Striploin 5 nướng, Pate Gan Ngỗng Pháp cùng nấm Truffle, Cá tuyết nướng Miso, Mì ý Tôm sốt cay, Cá hồi tẩm củ dền, Sò điệp áp chảo sốt Teriyaki, Bánh phô mai kem Ý,…","Khách hàng doanh nhân, công ty, gia đình, cặp đôi…","Phong cách điện ảnh châu Âu, sang trọng","- The Dome là nhà hàng Âu mang phong cách cinematic (phong cách điện ảnh) đầu tiên tại Sài Gòn.
- Trải nghiệm ẩm thực đỉnh cao cùng bò Wagyu Úc thượng hạng, thực đơn món Âu độc đáo với các nguyên liệu nhập khẩu trực tiếp từ Ý, Pháp, Na Uy,... trong không gian tráng lệ như các tác phẩm điện ảnh kinh điển.",106.664039,10.775472,
75,Sài Gòn Xưa Và Nay – Nguyễn Trung Trực,"37 Nguyễn Trung Trực, P. Bến Thành, Q. 1",,220.000 - 300.000,10h00 – 02h00 sáng hôm sau,"Cháo ếch Singapore, Cua sốt ớt Singapore, Các món cari, Các món Sambal, Hải sản tươi sống…","Họp mặt bạn bè, liên hoan, đặt tiệc, gia đình, tiếp khách…",Phong cách kiến trúc Âu – Á,Giữ nguyên hương vị truyền thống Singapore và sự kết hợp hài hòa với các nền văn hóa ẩm thực đa dạng.,106.697408,10.775424,
77,Shang Garden - Tôn Thất Tùng,"Số 1A Tôn Thất Tùng, P. Phạm Ngũ Lão, Q. 1",,350.000 - 500.000,08h00 - 14h30; 17h30 – 22h30,"Lẩu riêu cá chép, Xôi 79, Sườn bò 79, Gỏi sò huyết ốc tương, Bào ngư sốt nấm đông cô và dầu hào, Miến cua tay cầm, Set 79 Sashimi, Lẩu Samurai 79…","Gặp gỡ đối tác, liên hoan, tiệc công ty, tụ họp bạn bè, gia đình, sinh nhật",Xe ô tô: Bãi xe tại nhà hàng (Phí phụ thuộc đơn vị trông giữ xe),"Với thương hiệu gần 12 năm gây dựng, Phố 79 mang tới những trải nghiệm ẩm thực cao cấp, đậm dấu ấn riêng cùng kiến trúc không gian sang trọng, góp phần tạo nên thành công cho mỗi bữa tiệc đẳng cấp của khách hàng.",106.689160,10.769310,
78,ST Rooftop – Võ Văn Kiệt,"Lầu 9 (tầng thượng), Toà nhà Samco, Số 326 Võ Văn Kiệt, P.Cô Giang, Q. 1",,150.000 – 250.000,17h00 – 23h00,"Thịt heo hai đầu da cuốn, Bún mắm nêm, Bánh bèo chén, Bánh đúc nóng...","Gia đình, bạn bè, họp nhóm...",Phong cách tối giản - bán cổ điển,"Điểm đặc trưng: Quán Cuốn Saigon chuyên món cuốn, đặc biệt là các món cuốn mang hương vị miền Trung.",106.694680,10.760240,
79,Sushi Kei - SC VivoCity,"Gian hàng Lô 03-24b, Tầng 3, TTTM SC Vivocity - Dự án TTTM Dịch Vụ Giải Trí Nam Sài Gòn, số 1058 Nguyễn Văn Linh, Khu phố 1, Phường Tân Phong, Quận 7",,200.000 - 350.000,10h00 – 22h00,"Sườn non bò Mỹ rút xương sốt Bulgogi, Dẻ sườn bò Mỹ nướng sốt bào ngư, Chóp vai bò Mỹ nướng sốt Shoyu, Lưỡi bò Mỹ rắc muối Nhật, Tôm sú sốt sa tế tỏi, Cá lăng phi lê nướng muối ớt, Cá hồi phi lê sốt Teriyaki...","Khách hàng văn phòng, gia đình, bạn bè, họp nhóm…","Trẻ trung, hiện đại","- Menu hoành tráng với hơn 130 món ăn và các loại nước chấm mang đậm phong cách của các thành phố nổi bật.
- 5 vị lẩu đặc sắc: Lẩu kim chi, Lẩu xí quách, Lẩu nấm, Lẩu Thái, Lẩu Chanko",106.703510,10.729814,
92,Shamoji Robata Yaki - Lê Thị Riêng,"Số 29-31 Lê Thị Riêng, P. Bến Nghé, Q. 1",,500.000 - 700.000,10h30 - 14h00 & 17h00 - 23h59,- Không gian truyền thống đầy màu sắc đậm chất làng chài cổ Nhật Bản,KHÔNG GIAN:,,,106.615557,10.771296,
80,Nossa Steakhouse - Phạm Hồng Thái,"Số 36 Phạm Hồng Thái, P. Bến Thành, Q. 1",,300.000 - 450.000,T2-T6: 17h00-22h30 &  T7-CN: 11h00 - 14h00 & 17h00 - 22h30,"Cháo ếch Singapore, Cua sốt ớt Singapore, Các món cari, Các món Sambal, Hải sản tươi sống…","Họp mặt bạn bè, liên hoan, đặt tiệc, gia đình, tiếp khách…",Phong cách kiến trúc Âu – Á,Giữ nguyên hương vị truyền thống Singapore và sự kết hợp hài hòa với các nền văn hóa ẩm thực đa dạng.,106.695769,10.771284,
81,Ốc Ghe Rooftop - Trần Quang Khải,"124 Trần Quang Khải, P. Tân Định, Q. 1",,150.000 - 250.000,15h00 - 1h00,"Fresh Cherabin Spaghetti, Salmon Steak, Ontama Bolognese Spaghetti, Pesto Seafood, Cheese Platter, Ceasar Salad…","Tụ họp, gặp mặt, họp nhóm, sinh nhật, gia đình...",Italia hiện đại,"Basta Hiro được sáng lập bởi Hiromi Yamada - đầu bếp nổi tiếng người Nhật với tài năng đặc biệt trong việc sáng tạo các món Ý. Là người đã viết ra hàng chục cuốn sách về món Ý, ông là một trong những đầu bếp huyền thoại góp phần mang lại sự kết hợp tinh tế giữa hai phong cách Ý - Nhật.",106.692024,10.792171,
82,On-Yasai Shabu Shabu – Lê Thánh Tôn,"Lầu 2, Số 15/7 Lê Thánh Tôn, P. Bến Nghé, Q. 1",,200.000 - 500.000,10h00 – 22h00,"- Thịt sườn bò Wagyu Australian, Thịt mông bò Wagyu Australian, Nạc vai bò Australian thượng hạng, Nạc vai bò Mỹ,...
- Nhúng lẩu: Nấm hải sản, Nấm bào ngư, Nấm sò, Nấm hương, Nấm kim châm","Tụ họp, gặp mặt, liên hoan, họp nhóm, gia đình....",Nhật Bản,On-Yasai nằm trong chuỗi nhà hàng nổi tiếng tại Nhật Bản thuộc sở hữu của tập đoàn Colowide - tập đoàn về kinh doanh nhà hàng có quy mô đứng đầu tại Nhật Bản,106.704912,10.780683,
83,Oporto - Hồ Tùng Mậu,"Số 63 Hồ Tùng Mậu, P. Bến Nghé, Q. 1",,100.000 - 300.000,09h30 – 23h00,"Gà nướng lửa hồng, Bondi Burger, Bánh Pita, Cơm trộn gà nướng...","Họp nhóm, hẹn hò, gia đình, đồng nghiệp...","Hiện đại, trẻ trung","Oporto - thương hiệu nổi tiếng toàn cầu, là nhà hàng chuyên phục vụ các món Gà nướng kiểu Bồ Đào Nha cùng rất nhiều món ăn nhanh đặc trưng khác.",106.703706,10.771723,
84,Phố 79 - Sương Nguyệt Ánh,"79 Sương Nguyệt Ánh, P. Bến Thành, Q. 1",,399.000 - 1.000.000,09h30 - 23h30,"Lẩu riêu cá chép, Xôi 79, Sườn bò 79, Gỏi sò huyết ốc tương, Bào ngư sốt nấm đông cô và dầu hào, Miến cua tay cầm, Set 79 Sashimi, Lẩu Samurai 79…","Gặp gỡ đối tác, liên hoan, tiệc công ty, tụ họp bạn bè, gia đình, sinh nhật",Xe ô tô: Bãi xe tại nhà hàng (Phí phụ thuộc đơn vị trông giữ xe),"Với thương hiệu gần 12 năm gây dựng, Phố 79 mang tới những trải nghiệm ẩm thực cao cấp, đậm dấu ấn riêng cùng kiến trúc không gian sang trọng, góp phần tạo nên thành công cho mỗi bữa tiệc đẳng cấp của khách hàng.",106.688927,10.771480,
85,Quán Bụi - Lê Thánh Tôn,"222 - 224 Lê Thánh Tôn, P. Bến Thành, Q. 1",,250.000 - 350.000,07h00 - 23h00,"Cháo ếch Singapore, Cua sốt ớt Singapore, Các món cari, Các món Sambal, Hải sản tươi sống…","Họp mặt bạn bè, liên hoan, đặt tiệc, gia đình, tiếp khách…",Phong cách kiến trúc Âu – Á,Giữ nguyên hương vị truyền thống Singapore và sự kết hợp hài hòa với các nền văn hóa ẩm thực đa dạng.,106.696595,10.772620,
86,Quán Bụi Original - 19 Ngô Văn Năm,"19 Ngô Văn Năm, P. Bến Nghé, Q. 1",,250.000 - 350.000,07h00 - 23h00,,"KH văn phòng, bạn bè, gia đình,...","Không gian mộc mạc, giản dị","- Chuỗi nhà hàng thương hiệu QUÁN BỤI  được thành lập vào năm 2011 hiện tại đã phát triển có cho mình 7 chi nhánh ở Hồ Chí Minh.
- Quán Bụi mang cho mình một phong cách thuần việt lấy ý tưởng trang trí nội thất không gian Indochine.",106.705870,10.781319,
87,Quán Ngon 138 - Nam Kỳ Khởi Nghĩa,"Số 138 Nam Kỳ Khởi Nghĩa, P. Bến Nghé, Q. 1",,150.000 - 200.000,07h30 – 22h30,"Bánh tôm Hồ Tây, Chả cốm, Bánh đa cua Hải Phòng, Mì Quảng, Cao lầu Hội An, Bún chả cá Nha Trang, Bánh xèo, Bánh khọt, Gỏi củ hũ dừa, Rau muống xào chao ớt, Bánh canh giò heo Trảng Bàng, Bún mắm Châu Đốc...","Đặt tiệc, liên hoan, tiếp khách, sinh nhật, bạn bè, gia đình...",Kiến trúc nhà rường xưa ở Huế,Thực đơn phong phú hơn 300 món ăn 3 miền đặc trưng.,106.697596,10.777617,
88,Quán Nướng Ngói - Nguyễn Trãi,"245/23 Nguyễn Trãi, Quận 1",,150.000 vn,"10h:30 - 13h:30, 17h:30 - 20h:30",- Không gian truyền thống đầy màu sắc đậm chất làng chài cổ Nhật Bản,KHÔNG GIAN:,,,106.688032,10.764651,
89,Nhà hàng Rạng Đông – Cách Mạng Tháng 8,"Số 81 - 83 Cách Mạng Tháng 8, P. Bến Thành, Q.1",,150.000 - 250.000,06h00 - 24h00,"Lẩu riêu cá chép, Xôi 79, Sườn bò 79, Gỏi sò huyết ốc tương, Bào ngư sốt nấm đông cô và dầu hào, Miến cua tay cầm, Set 79 Sashimi, Lẩu Samurai 79…","Gặp gỡ đối tác, liên hoan, tiệc công ty, tụ họp bạn bè, gia đình, sinh nhật",Xe ô tô: Bãi xe tại nhà hàng (Phí phụ thuộc đơn vị trông giữ xe),"Với thương hiệu gần 12 năm gây dựng, Phố 79 mang tới những trải nghiệm ẩm thực cao cấp, đậm dấu ấn riêng cùng kiến trúc không gian sang trọng, góp phần tạo nên thành công cho mỗi bữa tiệc đẳng cấp của khách hàng.",106.691666,10.772380,
90,Nhà Hàng Sâm Ngọc Linh - Phố đi bộ Nguyễn Huệ,"Số 102-104, Mạc Thị Bưởi, P. Bến Nghé, Q. 1",,120.000 - 250.000,09:00-22:00,"- Sang trọng, thuần Việt
- Sức chứa: 100 khách
- Phòng riêng: 01 phòng (10-20 khách/phòng)
- Có ban công sân vườn tầng 7 ngắm nhìn con đường Đồng Khởi, Đông Du từ trên cao.","Đặt tiệc, tiếp khách, gia đình, bạn bè, sinh nhật...","Sang trọng, thuần Việt",,106.703793,10.774505,
93,Sorae Sushi Saigon,"Tầng 24-25, AB Tower, 76A Lê Lai, P. Bến Thành, Q.1",,500.000 – 530.000 vn,12h00 – 14h00; 18h00 – 00h30,"Wagyu Striploin 5 nướng, Pate Gan Ngỗng Pháp cùng nấm Truffle, Cá tuyết nướng Miso, Mì ý Tôm sốt cay, Cá hồi tẩm củ dền, Sò điệp áp chảo sốt Teriyaki, Bánh phô mai kem Ý,…","Khách hàng doanh nhân, công ty, gia đình, cặp đôi…","Phong cách điện ảnh châu Âu, sang trọng","- The Dome là nhà hàng Âu mang phong cách cinematic (phong cách điện ảnh) đầu tiên tại Sài Gòn.
- Trải nghiệm ẩm thực đỉnh cao cùng bò Wagyu Úc thượng hạng, thực đơn món Âu độc đáo với các nguyên liệu nhập khẩu trực tiếp từ Ý, Pháp, Na Uy,... trong không gian tráng lệ như các tác phẩm điện ảnh kinh điển.",106.694369,10.770444,
94,Soul Bến Thành - Thủ Khoa Huân,"Số 07 Thủ Khoa Huân, P. Bến Thành, Q. 1",,250.000 - 500.000,08h00 - 02h00 dêm,"Cháo ếch Singapore, Cua sốt ớt Singapore, Các món cari, Các món Sambal, Hải sản tươi sống…","Họp mặt bạn bè, liên hoan, đặt tiệc, gia đình, tiếp khách…",Phong cách kiến trúc Âu – Á,Giữ nguyên hương vị truyền thống Singapore và sự kết hợp hài hòa với các nền văn hóa ẩm thực đa dạng.,106.697453,10.773294,
3,Ân Nam Quán - Nguyễn Bỉnh Khiêm,"59 Nguyễn Bỉnh Khiêm, P. Đa Kao, Q. 1",,120.000 – 200.000,10h00 - 23h00,"Wagyu Striploin 5 nướng, Pate Gan Ngỗng Pháp cùng nấm Truffle, Cá tuyết nướng Miso, Mì ý Tôm sốt cay, Cá hồi tẩm củ dền, Sò điệp áp chảo sốt Teriyaki, Bánh phô mai kem Ý,…","Khách hàng doanh nhân, công ty, gia đình, cặp đôi…","Phong cách điện ảnh châu Âu, sang trọng","- The Dome là nhà hàng Âu mang phong cách cinematic (phong cách điện ảnh) đầu tiên tại Sài Gòn.
- Trải nghiệm ẩm thực đỉnh cao cùng bò Wagyu Úc thượng hạng, thực đơn món Âu độc đáo với các nguyên liệu nhập khẩu trực tiếp từ Ý, Pháp, Na Uy,... trong không gian tráng lệ như các tác phẩm điện ảnh kinh điển.",106.700986,10.790860,
4,Anrakutei Japanese BBQ - Mạc Đĩnh Chi,"Số 59 Mạc Đĩnh Chi, P. Đa Kao, Q 1",,200.000 - 300.000,11h00 -  22h00,"Bò Wagyu, Dẻ sườn bò, Sườn bò có xương, Gầu bò, Bắp bò, Ba chỉ heo, Vú heo...","Tụ họp, gặp mặt, bạn bè, gia đình...",Nhật Bản hiện đại,"- Thương hiệu Anrakutei - chuyên thịt nướng, ra đời và phát triển với hệ thống hơn 230 nhà hàng tại Nhật Bản, nay đã có mặt tại Sài Gòn. Anrakutei sẽ mang đến cho bạn những món ăn ngon, chất lượng cùng những trải nghiệm chân thực về văn hóa ẩm thực xứ hoa anh đào.
- Nổi tiếng nhất ở đây là các món thịt bò nướng thượng hạng",106.696599,10.787179,
95,Sushi KO - Lê Thánh Tôn,"26/1 Lê Thánh Tôn, P. Bến Nghé, Q. 1",,150.000 - 250.000,11h00 - 22h00,"Sashimi, Sushi, Tempura, Món nướng Yaki kiểu Nhật, Mì Udon…","Tiếp khách, tiệc công tu, gia đình, họp nhóm, sinh nhật…",Phong cách Nhật Bản,"- Vị trí đắc địa trung tâm quận 1, không gian Nhật Bản ấm cúng, có máy lạnh.
- Món ăn mang hương vị chuẩn Nhật, giá thành hợp lý.",106.703900,10.780333,
96,Sushi Masa - Thạch Thị Thanh,"Số 52 Thạch Thị Thanh, P. Tân Định, Q. 1",,200.000 - 400.000,T2-T6: 11h00 -17h00 & T7-CN: 14h00 - 17h00,"Hàu Nướng Misoyaki, Set Tàu Sashimi Titanic, Cuốn Hải Sản Chiên Xù Sốt Spicy, Cuốn Cá Hồi Phủ Cheese Đút Lò...","Gia đình, bạn bè, đồng nghiệp,...",Phong cách Nhật Bản,"Nhà hàng Sushi Masa chuyên ẩm thực Nhật Bản, hoạt động với tôn chỉ “Chất lượng, tươi ngon, hợp vệ sinh cùng những trải nghiệm dịch vụ tốt nhất có thể với giá cả phải chăng”.",106.692457,10.790493,
97,The 99 Lounge - Nguyễn Thị Minh Khai,"Tầng 15, Lapen Asset Building, 99 Nguyễn Thị Minh Khai, P. Bến Thành, Q. 1",,150.000 - 250.000,16h00 - 01h00,- Kiến trúc sân vườn,KHÔNG GIAN:,,,106.688336,10.772024,
98,The Dome Steak House - Little Saigon,"Tầng 2, toà nhà Little Saigon, 02 Đồng Khởi, P. Bến Nghé, Q. 1",,300.000 - 700.000, 09h00 – 14h00 và 17h00 - 22h00,"Wagyu Striploin 5 nướng, Pate Gan Ngỗng Pháp cùng nấm Truffle, Cá tuyết nướng Miso, Mì ý Tôm sốt cay, Cá hồi tẩm củ dền, Sò điệp áp chảo sốt Teriyaki, Bánh phô mai kem Ý,…","Khách hàng doanh nhân, công ty, gia đình, cặp đôi…","Phong cách điện ảnh châu Âu, sang trọng","- The Dome là nhà hàng Âu mang phong cách cinematic (phong cách điện ảnh) đầu tiên tại Sài Gòn.
- Trải nghiệm ẩm thực đỉnh cao cùng bò Wagyu Úc thượng hạng, thực đơn món Âu độc đáo với các nguyên liệu nhập khẩu trực tiếp từ Ý, Pháp, Na Uy,... trong không gian tráng lệ như các tác phẩm điện ảnh kinh điển.",106.706274,10.773530,
99,Unatoto - Trương Định,"Số 56- 58/12 Trương Định, P. Bến Thành, Q. 1",,200.000 - 300.000,11h00 - 22h00,"Cháo ếch Singapore, Cua sốt ớt Singapore, Các món cari, Các món Sambal, Hải sản tươi sống…","Họp mặt bạn bè, liên hoan, đặt tiệc, gia đình, tiếp khách…",Phong cách kiến trúc Âu – Á,Giữ nguyên hương vị truyền thống Singapore và sự kết hợp hài hòa với các nền văn hóa ẩm thực đa dạng.,106.695769,10.772558,
100,Urban BBQ - Nguyễn Bỉnh Khiêm,"Số 11B Nguyễn Bỉnh Khiêm, P. Bến Nghé, Q.1",,250.000 - 250.000,11h00 - 21h30,"Sườn non bò Mỹ rút xương sốt Bulgogi, Dẻ sườn bò Mỹ nướng sốt bào ngư, Chóp vai bò Mỹ nướng sốt Shoyu, Lưỡi bò Mỹ rắc muối Nhật, Tôm sú sốt sa tế tỏi, Cá lăng phi lê nướng muối ớt, Cá hồi phi lê sốt Teriyaki...","Khách hàng văn phòng, gia đình, bạn bè, họp nhóm…","Trẻ trung, hiện đại","- Menu hoành tráng với hơn 130 món ăn và các loại nước chấm mang đậm phong cách của các thành phố nổi bật.
- 5 vị lẩu đặc sắc: Lẩu kim chi, Lẩu xí quách, Lẩu nấm, Lẩu Thái, Lẩu Chanko",106.705522,10.786623,
101,Vị Quê Kitchen - Sương Nguyệt Ánh,"110 Sương Nguyệt Ánh, P. Phạm Ngũ Lão, Q. 1",,200.000 - 300.000,09h00 - 22h30,MÓN ĐẶC SẮC:,"KH văn phòng, Gia đình, bạn bè,...","Không gian hiện đại, ấm cúng",,106.688548,10.771586,
102,Viet Village - Đinh Tiên Hoàng,"Số 15-17 Đinh Tiên Hoàng, P. Đakao, Q. 1",,160.000 - 500.000,07h00 – 22h00,"Gỏi bưởi mực 1 nắng, Chả ram Làng Việt, Gù bò nướng ống tre, Gà quay nấm tam sắc, Tôm càng xốt cà ri, Lẩu sụn & gân bò Làng Việt, Chè khúc bạch…","Tụ họp, liên hoan, sinh nhật, gia đình, bạn bè…",Biệt thự cổ kết hợp hiện đại,"- Viet Village là nhà hàng chuyên các món Việt từ 3 miền, phù hợp dùng bữa thân tình với bạn bè, đồng nghiệp và đối tác.",106.699381,10.788462,
103,Vivins Wine Club – Nguyễn Đình Chiểu,"Số 11B Nguyễn Đình Chiểu, Phường Đakao, Q. 1",,250.000 – 350.000,10h00 - 24h00,"- Thịt sườn bò Wagyu Australian, Thịt mông bò Wagyu Australian, Nạc vai bò Australian thượng hạng, Nạc vai bò Mỹ,...
- Nhúng lẩu: Nấm hải sản, Nấm bào ngư, Nấm sò, Nấm hương, Nấm kim châm","Tụ họp, gặp mặt, liên hoan, họp nhóm, gia đình....",Nhật Bản,On-Yasai nằm trong chuỗi nhà hàng nổi tiếng tại Nhật Bản thuộc sở hữu của tập đoàn Colowide - tập đoàn về kinh doanh nhà hàng có quy mô đứng đầu tại Nhật Bản,106.700610,10.789350,
104,Yen Sushi & Sake Pub - Nam Kỳ Khởi Nghĩa,"92 Nam Kỳ Khởi Nghĩa, P. Bến Nghé, Q. 1",,400.000 - 500.000,10h30 - 14h00 & 17h00 - 22h00,"Các loại bánh Huế: Bánh bèo, bánh nậm, bánh lọc, bánh cuốn thịt nướng…; Cơm sen chay, Cơm sen bò, Cơm đùi gà rô ti, Cơm chiên cá mặn…; Bún bò, Bún thịt nướng, Nem lụi; Các món gỏi; Lẩu bò, Lẩu hải sản; Các loại chè Huế...","Gặp mặt, liên hoan, họp nhóm, gia đình,…..",Hiện đại,"Chuỗi nhà hàng Hue Delights chuyên phục vụ các món ăn Huế, được sáng lập bởi nghệ nhân ẩm thực Phan Tôn Tuệ Minh – người có xuất thân từ gia đình dòng dõi hoàng tộc và có nhiều người là nghệ nhân, chuyên gia ẩm thực hàng đầu Việt Nam.",106.700780,10.772262,
1,4An Café & Vietnamese Vegetarian - Nam Kỳ Khởi Nghĩa,"61 Nam kỳ khởi nghĩa, P. Bến Thành, Q. 1",,20.000 - 100.000,07h30 – 21h30,"Burger chay, Bún riêu chay, Đậu hũ ky lá cuộn sốt thảo mộc…","Gia đình, bạn bè, đồng nghiệp…","Mộc mạc, thân thiện","Không gian nhà hàng xinh xắn, tao nhã giữa lòng Sài Gòn. Món ăn đẹp, ngon, bổ dưỡng.",106.700520,10.771851,
