https://pasgo.vn/nha-hang/nha-hang-machiya-cafe-pasteur-4592,,,,,,,,,,,,,,,,,,,,,,,https://cdn.pastaxi-manager.onepas.vn/Content/Uploads/Prices/duonglong/menu-machiya/menu-machiya-cafe-chay-1.jpg
https://pasgo.vn/nha-hang/nha-hang-machiya-cafe-pasteur-4592,,,,,,,,,,,,,,,,,,,,,,,https://cdn.pastaxi-manager.onepas.vn/Content/Uploads/Prices/duonglong/menu-machiya/menu-machiya-cafe-chay-2.jpg
https://pasgo.vn/nha-hang/nha-hang-machiya-cafe-pasteur-4592,,,,,,,,,,,,,,,,,,,,,,,https://cdn.pastaxi-manager.onepas.vn/Content/Uploads/Prices/duonglong/menu-machiya/menu-machiya-cafe-chay-3.jpg
https://pasgo.vn/nha-hang/nha-hang-machiya-cafe-pasteur-4592,,,,,,,,,,,,,,,,,,,,,,,https://cdn.pastaxi-manager.onepas.vn/Content/Uploads/Prices/duonglong/menu-machiya/menu-machiya-cafe-chay-4.jpg
https://pasgo.vn/nha-hang/nha-hang-machiya-cafe-pasteur-4592,,,,,,,,,,,,,,,,,,,,,,,https://cdn.pastaxi-manager.onepas.vn/Content/Uploads/Prices/duonglong/menu-machiya/menu-machiya-cafe-chay-5.jpg
https://pasgo.vn/nha-hang/nha-hang-machiya-cafe-pasteur-4592,,,,,,,,,,,,,,,,,,,,,,,https://cdn.pastaxi-manager.onepas.vn/Content/Uploads/Prices/duonglong/menu-machiya/menu-machiya-cafe-chay-6.jpg
https://pasgo.vn/nha-hang/nha-hang-machiya-cafe-pasteur-4592,,,,,,,,,,,,,,,,,,,,,,,https://cdn.pastaxi-manager.onepas.vn/Content/Uploads/Prices/duonglong/menu-machiya/menu-machiya-cafe-chay-7.jpg
https://pasgo.vn/nha-hang/nha-hang-machiya-cafe-pasteur-4592,,,,,,,,,,,,,,,,,,,,,,,https://cdn.pastaxi-manager.onepas.vn/Content/Uploads/Prices/duonglong/menu-machiya/menu-machiya-cafe-chay-8.jpg
https://pasgo.vn/nha-hang/nha-hang-machiya-cafe-pasteur-4592,,,,,,,,,,,,,,,,,,,,,,,https://cdn.pastaxi-manager.onepas.vn/Content/Uploads/Prices/duonglong/menu-machiya/menu-machiya-cafe-chay-9.jpg
https://pasgo.vn/nha-hang/nha-hang-machiya-cafe-pasteur-4592,,,,,,,,,,,,,,,,,,,,,,,https://cdn.pastaxi-manager.onepas.vn/Content/Uploads/Prices/duonglong/menu-machiya/menu-machiya-cafe-chay-10.jpg
https://pasgo.vn/nha-hang/nha-hang-machiya-cafe-pasteur-4592,,,,,,,,,,,,,,,,,,,,,,,https://cdn.pastaxi-manager.onepas.vn/Content/Uploads/Prices/duonglong/menu-machiya/menu-machiya-cafe-chay-11.jpg
https://pasgo.vn/nha-hang/nha-hang-machiya-cafe-pasteur-4592,,,,,,,,,,,,,,,,,,,,,,,https://cdn.pastaxi-manager.onepas.vn/Content/Uploads/Prices/duonglong/menu-machiya/menu-machiya-cafe-chay-12.jpg
https://pasgo.vn/nha-hang/nha-hang-machiya-cafe-pasteur-4592,,,,,,,,,,,,,,,,,,,,,,,https://cdn.pastaxi-manager.onepas.vn/Content/Uploads/Prices/duonglong/menu-machiya/menu-machiya-cafe-chay-13.jpg
https://pasgo.vn/nha-hang/nha-hang-machiya-cafe-pasteur-4592,,,,,,,,,,,,,,,,,,,,,,,https://cdn.pastaxi-manager.onepas.vn/Content/Uploads/Prices/duonglong/menu-machiya/menu-machiya-cafe-chay-14.jpg
https://pasgo.vn/nha-hang/nha-hang-machiya-cafe-pasteur-4592,,,,,,,,,,,,,,,,,,,,,,,https://cdn.pastaxi-manager.onepas.vn/Content/Uploads/Prices/duonglong/menu-machiya/menu-machiya-cafe-chay-15.jpg
https://pasgo.vn/nha-hang/nha-hang-machiya-cafe-pasteur-4592,,,,,,,,,,,,,,,,,,,,,,,https://cdn.pastaxi-manager.onepas.vn/Content/Uploads/Prices/duonglong/menu-machiya/menu-machiya-cafe-chay-16.jpg
https://pasgo.vn/nha-hang/nha-hang-machiya-cafe-pasteur-4592,,,,,,,,,,,,,,,,,,,,,,,https://cdn.pastaxi-manager.onepas.vn/Content/Uploads/Prices/duonglong/menu-machiya/menu-machiya-cafe-chay-17.jpg
https://pasgo.vn/nha-hang/nha-hang-machiya-cafe-pasteur-4592,,,,,,,,,,,,,,,,,,,,,,,https://cdn.pastaxi-manager.onepas.vn/Content/Uploads/Prices/duonglong/menu-machiya/menu-machiya-cafe-chay-18.jpg
https://pasgo.vn/nha-hang/nha-hang-machiya-cafe-pasteur-4592,,,,,,,,,,,,,,,,,,,,,,,https://cdn.pastaxi-manager.onepas.vn/Content/Uploads/Prices/duonglong/menu-machiya/menu-machiya-cafe-chay-19.jpg
https://pasgo.vn/nha-hang/nha-hang-machiya-cafe-pasteur-4592,,,,,,,,,,,,,,,,,,,,,,,https://cdn.pastaxi-manager.onepas.vn/Content/Uploads/Prices/duonglong/menu-machiya/menu-machiya-cafe-chay-20.jpg
https://pasgo.vn/nha-hang/nha-hang-machiya-cafe-pasteur-4592,,,,,,,,,,,,,,,,,,,,,,,https://cdn.pastaxi-manager.onepas.vn/Content/Uploads/Prices/duonglong/menu-machiya/menu-machiya-cafe-chay-21.jpg
https://pasgo.vn/nha-hang/nha-hang-machiya-cafe-pasteur-4592,,,,,,,,,,,,,,,,,,,,,,,https://cdn.pastaxi-manager.onepas.vn/Content/Uploads/Prices/duonglong/menu-machiya/menu-machiya-cafe-chay-22.jpg
https://pasgo.vn/nha-hang/nha-hang-machiya-cafe-pasteur-4592,,,,,,,,,,,,,,,,,,,,,,,https://cdn.pastaxi-manager.onepas.vn/Content/Uploads/Prices/duonglong/menu-machiya/menu-machiya-cafe-chay-23.jpg
https://pasgo.vn/nha-hang/nha-hang-machiya-cafe-pasteur-4592,,,,,,,,,,,,,,,,,,,,,,,https://cdn.pastaxi-manager.onepas.vn/Content/Uploads/Prices/duonglong/menu-machiya/menu-machiya-cafe-chay-24.jpg
https://pasgo.vn/nha-hang/nha-hang-machiya-cafe-pasteur-4592,,,,,,,,,,,,,,,,,,,,,,,https://cdn.pastaxi-manager.onepas.vn/Content/Uploads/Prices/duonglong/menu-machiya/menu-machiya-cafe-chay-25.jpg
https://pasgo.vn/nha-hang/nha-hang-machiya-cafe-pasteur-4592,,,,,,,,,,,,,,,,,,,,,,,https://cdn.pastaxi-manager.onepas.vn/Content/Uploads/Prices/duonglong/menu-machiya/menu-machiya-cafe-chay-26.jpg
