https://pasgo.vn/nha-hang/gala-buffet-1012,,,,,,,,,,,,,,,,,,,,,,,https://cdn.pastaxi-manager.onepas.vn/Content/Uploads/Prices/nguyenhuong/chuoiannamquan/1.jpg
https://pasgo.vn/nha-hang/gala-buffet-1012,,,,,,,,,,,,,,,,,,,,,,,https://cdn.pastaxi-manager.onepas.vn/Content/Uploads/Prices/nguyenhuong/chuoiannamquan/2.jpg
https://pasgo.vn/nha-hang/gala-buffet-1012,,,,,,,,,,,,,,,,,,,,,,,https://cdn.pastaxi-manager.onepas.vn/Content/Uploads/Prices/nguyenhuong/chuoiannamquan/3.jpg
https://pasgo.vn/nha-hang/gala-buffet-1012,,,,,,,,,,,,,,,,,,,,,,,https://cdn.pastaxi-manager.onepas.vn/Content/Uploads/Prices/nguyenhuong/chuoiannamquan/4.jpg
https://pasgo.vn/nha-hang/gala-buffet-1012,,,,,,,,,,,,,,,,,,,,,,,https://cdn.pastaxi-manager.onepas.vn/Content/Uploads/Prices/nguyenhuong/chuoiannamquan/5.jpg
https://pasgo.vn/nha-hang/gala-buffet-1012,,,,,,,,,,,,,,,,,,,,,,,https://cdn.pastaxi-manager.onepas.vn/Content/Uploads/Prices/nguyenhuong/chuoiannamquan/6.jpg
https://pasgo.vn/nha-hang/gala-buffet-1012,,,,,,,,,,,,,,,,,,,,,,,https://cdn.pastaxi-manager.onepas.vn/Content/Uploads/Prices/nguyenhuong/chuoiannamquan/7.jpg
https://pasgo.vn/nha-hang/gala-buffet-1012,,,,,,,,,,,,,,,,,,,,,,,https://cdn.pastaxi-manager.onepas.vn/Content/Uploads/Prices/nguyenhuong/chuoiannamquan/8.jpg
https://pasgo.vn/nha-hang/gala-buffet-1012,,,,,,,,,,,,,,,,,,,,,,,https://cdn.pastaxi-manager.onepas.vn/Content/Uploads/Prices/nguyenhuong/chuoiannamquan/9.jpg
https://pasgo.vn/nha-hang/gala-buffet-1012,,,,,,,,,,,,,,,,,,,,,,,https://cdn.pastaxi-manager.onepas.vn/Content/Uploads/Prices/nguyenhuong/chuoiannamquan/10.jpg
https://pasgo.vn/nha-hang/gala-buffet-1012,,,,,,,,,,,,,,,,,,,,,,,https://cdn.pastaxi-manager.onepas.vn/Content/Uploads/Prices/nguyenhuong/chuoiannamquan/11.jpg
https://pasgo.vn/nha-hang/gala-buffet-1012,,,,,,,,,,,,,,,,,,,,,,,https://cdn.pastaxi-manager.onepas.vn/Content/Uploads/Prices/nguyenhuong/chuoiannamquan/12.jpg
