https://pasgo.vn/nha-hang/chic-restaurant-bay-hotel-2861,,,,,,,,,,,,,,,,,,,,,,,https://cdn.pastaxi-manager.onepas.vn/Content/Uploads/Prices/nguyenhuong/nhchic/menu.jpg
https://pasgo.vn/nha-hang/chic-restaurant-bay-hotel-2861,,,,,,,,,,,,,,,,,,,,,,,https://cdn.pastaxi-manager.onepas.vn/Content/Uploads/Prices/nguyenhuong/chicrestaurantbs/1.jpg
https://pasgo.vn/nha-hang/chic-restaurant-bay-hotel-2861,,,,,,,,,,,,,,,,,,,,,,,https://cdn.pastaxi-manager.onepas.vn/Content/Uploads/Prices/nguyenhuong/chicrestaurantbs/2.jpg
https://pasgo.vn/nha-hang/chic-restaurant-bay-hotel-2861,,,,,,,,,,,,,,,,,,,,,,,https://cdn.pastaxi-manager.onepas.vn/Content/Uploads/Prices/nguyenhuong/chicrestaurantt2/nha-hang-chic-restaurant-1.jpg
https://pasgo.vn/nha-hang/chic-restaurant-bay-hotel-2861,,,,,,,,,,,,,,,,,,,,,,,https://cdn.pastaxi-manager.onepas.vn/Content/Uploads/Prices/nguyenhuong/chicrestaurantt4/chic-restaurant.jpg
https://pasgo.vn/nha-hang/chic-restaurant-bay-hotel-2861,,,,,,,,,,,,,,,,,,,,,,,https://cdn.pastaxi-manager.onepas.vn/Content/Uploads/Prices/nguyenhuong/chicrestaurantt2/nha-hang-chic-restaurant-5.jpg
https://pasgo.vn/nha-hang/chic-restaurant-bay-hotel-2861,,,,,,,,,,,,,,,,,,,,,,,https://cdn.pastaxi-manager.onepas.vn/Content/Uploads/Prices/nguyenhuong/chicrestaurantt2/nha-hang-chic-restaurant-6.jpg
https://pasgo.vn/nha-hang/chic-restaurant-bay-hotel-2861,,,,,,,,,,,,,,,,,,,,,,,https://cdn.pastaxi-manager.onepas.vn/Content/Uploads/Prices/nguyenhuong/chicrestaurantt2/nha-hang-chic-restaurant-7.jpg
https://pasgo.vn/nha-hang/chic-restaurant-bay-hotel-2861,,,,,,,,,,,,,,,,,,,,,,,https://cdn.pastaxi-manager.onepas.vn/Content/Uploads/Prices/nguyenhuong/chicrestaurantt2/nha-hang-chic-restaurant-8.jpg
https://pasgo.vn/nha-hang/chic-restaurant-bay-hotel-2861,,,,,,,,,,,,,,,,,,,,,,,https://cdn.pastaxi-manager.onepas.vn/Content/Uploads/Prices/nguyenhuong/chicrestaurantt2/nha-hang-chic-restaurant-9.jpg
https://pasgo.vn/nha-hang/chic-restaurant-bay-hotel-2861,,,,,,,,,,,,,,,,,,,,,,,https://cdn.pastaxi-manager.onepas.vn/Content/Uploads/Prices/nguyenhuong/chicrestaurantt2/nha-hang-chic-restaurant-10.jpg
https://pasgo.vn/nha-hang/chic-restaurant-bay-hotel-2861,,,,,,,,,,,,,,,,,,,,,,,https://cdn.pastaxi-manager.onepas.vn/Content/Uploads/Prices/nguyenhuong/chicrestaurantt2/nha-hang-chic-restaurant-11.jpg
https://pasgo.vn/nha-hang/chic-restaurant-bay-hotel-2861,,,,,,,,,,,,,,,,,,,,,,,https://cdn.pastaxi-manager.onepas.vn/Content/Uploads/Prices/nguyenhuong/chicrestaurantt2/nha-hang-chic-restaurant-12.jpg
https://pasgo.vn/nha-hang/chic-restaurant-bay-hotel-2861,,,,,,,,,,,,,,,,,,,,,,,https://cdn.pastaxi-manager.onepas.vn/Content/Uploads/Prices/nguyenhuong/chicrestaurantt2/nha-hang-chic-restaurant-13.jpg
https://pasgo.vn/nha-hang/chic-restaurant-bay-hotel-2861,,,,,,,,,,,,,,,,,,,,,,,https://cdn.pastaxi-manager.onepas.vn/Content/Uploads/Prices/nguyenhuong/chicrestaurantt2/nha-hang-chic-restaurant-14.jpg
