https://pasgo.vn/nha-hang/mo-me-oc-tran-hung-dao-5522,,,,,,,,,,,,,,,,,,,,,,,https://cdn.pastaxi-manager.onepas.vn/Content/Uploads/Prices/nguyenhuong/momeoc/1.jpg
https://pasgo.vn/nha-hang/mo-me-oc-tran-hung-dao-5522,,,,,,,,,,,,,,,,,,,,,,,https://cdn.pastaxi-manager.onepas.vn/Content/Uploads/Prices/nguyenhuong/momeoc/2.jpg
https://pasgo.vn/nha-hang/mo-me-oc-tran-hung-dao-5522,,,,,,,,,,,,,,,,,,,,,,,https://cdn.pastaxi-manager.onepas.vn/Content/Uploads/Prices/nguyenhuong/momeoc/3.jpg
https://pasgo.vn/nha-hang/mo-me-oc-tran-hung-dao-5522,,,,,,,,,,,,,,,,,,,,,,,https://cdn.pastaxi-manager.onepas.vn/Content/Uploads/Prices/nguyenhuong/momeoc/4.jpg
https://pasgo.vn/nha-hang/mo-me-oc-tran-hung-dao-5522,,,,,,,,,,,,,,,,,,,,,,,https://cdn.pastaxi-manager.onepas.vn/Content/Uploads/Prices/nguyenhuong/momeoc/5.jpg
https://pasgo.vn/nha-hang/mo-me-oc-tran-hung-dao-5522,,,,,,,,,,,,,,,,,,,,,,,https://cdn.pastaxi-manager.onepas.vn/Content/Uploads/Prices/nguyenhuong/momeoc/6.jpg
https://pasgo.vn/nha-hang/mo-me-oc-tran-hung-dao-5522,,,,,,,,,,,,,,,,,,,,,,,https://cdn.pastaxi-manager.onepas.vn/Content/Uploads/Prices/nguyenhuong/momeoc/7.jpg
https://pasgo.vn/nha-hang/mo-me-oc-tran-hung-dao-5522,,,,,,,,,,,,,,,,,,,,,,,https://cdn.pastaxi-manager.onepas.vn/Content/Uploads/Prices/nguyenhuong/momeoc/8.jpg
https://pasgo.vn/nha-hang/mo-me-oc-tran-hung-dao-5522,,,,,,,,,,,,,,,,,,,,,,,https://cdn.pastaxi-manager.onepas.vn/Content/Uploads/Prices/nguyenhuong/momeoc/9.jpg
https://pasgo.vn/nha-hang/mo-me-oc-tran-hung-dao-5522,,,,,,,,,,,,,,,,,,,,,,,https://cdn.pastaxi-manager.onepas.vn/Content/Uploads/Prices/nguyenhuong/momeoc/10.jpg
https://pasgo.vn/nha-hang/mo-me-oc-tran-hung-dao-5522,,,,,,,,,,,,,,,,,,,,,,,https://cdn.pastaxi-manager.onepas.vn/Content/Uploads/Prices/nguyenhuong/momeoc/11.jpg
https://pasgo.vn/nha-hang/mo-me-oc-tran-hung-dao-5522,,,,,,,,,,,,,,,,,,,,,,,https://cdn.pastaxi-manager.onepas.vn/Content/Uploads/Prices/nguyenhuong/momeoc/12.jpg
https://pasgo.vn/nha-hang/mo-me-oc-tran-hung-dao-5522,,,,,,,,,,,,,,,,,,,,,,,https://cdn.pastaxi-manager.onepas.vn/Content/Uploads/Prices/nguyenhuong/momeoc/13.jpg
https://pasgo.vn/nha-hang/mo-me-oc-tran-hung-dao-5522,,,,,,,,,,,,,,,,,,,,,,,https://cdn.pastaxi-manager.onepas.vn/Content/Uploads/Prices/nguyenhuong/momeoc/14.jpg
