https://pasgo.vn/nha-hang/vi-que-kitchen-suong-nguyet-anh-5124,done
https://pasgo.vn/nha-hang/pho-79-suong-nguyet-anh-4516,done
https://pasgo.vn/nha-hang/chay-shanti-veggie-luong-huu-khanh-5288,done
https://pasgo.vn/nha-hang/nha-hang-ichihana-sushi-cao-thang-2638,done
https://pasgo.vn/nha-hang/com-tam-thuan-kieu-ton-that-tung-1123,done
https://pasgo.vn/nha-hang/miya-sushi-and-bbq-nguyen-trai-1649,done
https://pasgo.vn/nha-hang/nha-hang-shang-garden-ton-that-tung-3003,done
https://pasgo.vn/nha-hang/rang-dong-cach-mang-thang-8-1712,done
https://pasgo.vn/nha-hang/chay-pham-nghiem-trai-nguyen-trai-5215,done
https://pasgo.vn/nha-hang/nha-hang-buffet-liberty-level-9-2199,done
https://pasgo.vn/nha-hang/nha-hang-lion-city-le-anh-xuan-4336,done
https://pasgo.vn/nha-hang/nha-hang-east-west-brewing-ly-tu-trong-2444,done
https://pasgo.vn/nha-hang/unatoto-truong-dinh-5213,done
https://pasgo.vn/nha-hang/nossa-steakhouse-pham-hong-thai-quan-1-1510,done
https://pasgo.vn/nha-hang/nha-hang-sai-gon-xua-va-nay-37-nguyen-trung-truc-quan-1-1106,done
https://pasgo.vn/nha-hang/soul-ben-thanh-thu-khoa-huan-3804,done
https://pasgo.vn/nha-hang/quan-bui-le-thanh-ton-5190,done
https://pasgo.vn/nha-hang/gyu-shige-nguu-phon-tran-hung-dao-3514,done
https://pasgo.vn/nha-hang/moo-beef-steak-ly-tu-trong-3932,done
https://pasgo.vn/nha-hang/chao-suon-chu-chen-nguyen-trai-1524,done
https://pasgo.vn/nha-hang/miyen-japanese-fusion-cuisine-pasteur-4547,done
https://pasgo.vn/nha-hang/nha-hang-machiya-cafe-pasteur-4592,done
https://pasgo.vn/nha-hang/com-tam-thuan-kieu-yersin-5210,done
https://pasgo.vn/nha-hang/mo-me-oc-tran-hung-dao-5522,done
https://pasgo.vn/nha-hang/happy-lamb-hotpot-restaurant-tran-hung-dao-4892,done
https://pasgo.vn/nha-hang/ba-gac---nuong-and-bia-nam-ky-khoi-nghia-4047,done
https://pasgo.vn/nha-hang/fireworks-raw-grill-and-craft-bar-4176,done
https://pasgo.vn/nha-hang/nha-hang-chill-thai-co-giang-4381,done
https://pasgo.vn/nha-hang/anrakutei-japanese-bbq-mac-dinh-chi-3799,done
https://pasgo.vn/nha-hang/nha-hang-buffet-pachi-pachi-52-mac-dinh-chi-quan-1-712,done
https://pasgo.vn/nha-hang/basta-hiro-vincom-dong-khoi-3740,done
https://pasgo.vn/nha-hang/moc-rieu-and-nuong-vo-van-kiet-1850,done
https://pasgo.vn/nha-hang/oc-ghe-rooftop-tran-quang-khai-5188,done
https://pasgo.vn/nha-hang/buffet-ganh---khach-san-bong-sen-1027,done
https://pasgo.vn/nha-hang/buffet-chay-co-noi-khach-san-bong-sen-3729,done
https://pasgo.vn/nha-hang/sam-ngoc-linh-pho-di-bo-nguyen-hue-5621,done
https://pasgo.vn/nha-hang/bep-oc-sai-gon-hai-ba-trung-4456,done
https://pasgo.vn/nha-hang/viet-village-dinh-tien-hoang-4512,done
https://pasgo.vn/nha-hang/bo-5s-dinh-tien-hoang-5479,done
https://pasgo.vn/nha-hang/king-karaoke-hai-ba-trung-3884,done
https://pasgo.vn/nha-hang/gyu-shige-nguu-phon-dong-du-2807,done
https://pasgo.vn/nha-hang/ngoc-suong-seafood-and-bar-nguyen-sieu-4121,done
https://pasgo.vn/nha-hang/ghien-quan-hoang-sa-5243,done
https://pasgo.vn/nha-hang/on-yasai-shabu-shabu---le-thanh-ton-3633,done
https://pasgo.vn/nha-hang/vivins-wine-club-nguyen-dinh-chieu-2184,done
https://pasgo.vn/nha-hang/matsuri-japanese-restaurant-nguyen-hue-5602,done
https://pasgo.vn/nha-hang/chic-restaurant-bay-hotel-2861,done
https://pasgo.vn/nha-hang/quan-bui-original-19-ngo-van-nam-956,done
https://pasgo.vn/nha-hang/gyu-kaku-le-thanh-ton-4178,done
https://pasgo.vn/nha-hang/kobe-bistro-by-chef-david-thai-ton-duc-thang-4870,done
https://pasgo.vn/nha-hang/kau-ba-quan-hoang-sa-5271,done
https://pasgo.vn/nha-hang/com-tam-thuan-kieu-thuan-kieu-5207,done
https://pasgo.vn/nha-hang/chang-nguyen-duc-canh-4242,done
https://pasgo.vn/nha-hang/d-maris-an-phu-4230,done
https://pasgo.vn/nha-hang/gyu-kaku-aeon-mall-tan-phu-3903,done
